rxnorm_id,rxnorm_name,rxnorm_id,rxnorm_name
1655928,"ivacaftor 125 MG / lumacaftor 200 MG Oral Tablet",1655922,lumacaftor
1655928,"ivacaftor 125 MG / lumacaftor 200 MG Oral Tablet",1243041,ivacaftor
1745280,"norepinephrine 1 MG/ML Injection",7512,norepinephrine
197785,"hydrocortisone 2.5 % Topical Lotion",5492,hydrocortisone
880649,"dexAMETHasone 3 MG/ML Injectable Solution",3264,dexamethasone
897309,"Atriplex polycarpa pollen extract 100 MG/ML Injectable Solution",897304,"allscale pollen extract"
379804,"glipizide 2.5 MG Oral Tablet",4821,glipizide
2672922,"ferrous bisglycinate 36.5 MG Oral Tablet",1102188,"ferrous bisglycinate"
220074,"Sudafed Sinus",161,acetaminophen
220074,"Sudafed Sinus",8896,pseudoephedrine
573961,"ibuprofen 200 MG [Anadin Ibuprofen]",5640,ibuprofen
2103177,"lorlatinib 100 MG Oral Tablet",2103164,lorlatinib
402943,Starlix,274332,nateglinide
1299994,"Siberian elm pollen extract 0.1 GM/ML Injectable Solution",1299981,"Siberian elm pollen extract"
2602774,"{112 (treprostinil 0.032 MG Inhalation Powder [Tyvaso]) / 112 (treprostinil 0.048 MG Inhalation Powder [Tyvaso]) } Pack [Tyvaso 32-48 MCG Maintenance Pack]",343048,treprostinil
1737459,"pamidronate disodium 30 MG Injection",11473,pamidronate
387080,"dexAMETHasone 8 MG/ML Injectable Solution",3264,dexamethasone
852232,"Australian pine pollen extract 50 MG/ML Injectable Solution",852229,"Australian pine pollen extract"
835829,"testosterone cypionate 100 MG/ML Injectable Solution",10379,testosterone
901360,"house dust allergenic extract 100 MG/ML Injectable Solution",852519,"house dust allergenic extract"
905482,"shrimp extract 0.05 GM/ML Injectable Solution",892592,"shrimp allergenic extract"
313988,"furosemide 40 MG Oral Tablet",4603,furosemide
483445,"pregabalin 200 MG",187832,pregabalin
564064,"metyraPONE 250 MG [Metopirone]",6923,metyrapone
977883,"amiloride hydrochloride 5 MG / HCTZ 50 MG Oral Tablet",644,amiloride
977883,"amiloride hydrochloride 5 MG / HCTZ 50 MG Oral Tablet",5487,hydrochlorothiazide
197734,"gallium nitrate 25 MG/ML Injectable Solution",1310124,gallium
312172,"oxygen 99 % Gas for Inhalation",7806,oxygen
476556,"emtricitabine 200 MG / tenofovir disoproxil fumarate 300 MG (equivalent to tenofovir disoproxil 245 MG) Oral Tablet",276237,emtricitabine
829877,Trisenox,18330,"arsenic trioxide"
896205,"wormwood sage pollen extract 10000 UNT/ML Injectable Solution",852007,"wormwood sage pollen extract"
1359031,"{21 (ethinyl estradiol 0.03 MG / norethindrone acetate 1.5 MG Oral Tablet) } Pack [Loestrin 1.5/30 21 Day]",7514,norethindrone
2056472,"levothyroxine sodium 0.075 MG/ML Oral Solution",10582,levothyroxine
2262441,Brukinsa,2262435,zanubrutinib
861021,"metFORMIN HCl 625 MG Oral Tablet",6809,metformin
892678,"morphine sulfate 30 MG Rectal Suppository",7052,morphine
992432,"promethazine HCl 6.25 MG per 5 ML Oral Syrup",8745,promethazine
216586,Diastat,3322,diazepam
310376,"fluorometholone 0.25 % Ophthalmic Suspension",4491,fluorometholone
895498,"Canis lupus familiaris hair extract 20 MG/ML Injectable Solution",895495,"dog hair extract"
895708,"red alder pollen extract 20000 UNT/ML Injectable Solution",851914,"red alder pollen extract"
2121758,"solriamfetol 150 MG Oral Tablet",2121751,solriamfetol
2257297,"trastuzumab-anns 150 MG Injection",224905,trastuzumab
310003,"dofetilide 125 MCG Oral Capsule",49247,dofetilide
1650030,"doxycycline monohydrate 25 MG in 5 mL Oral Suspension",3640,doxycycline
905172,"protriptyline hydrochloride 5 MG Oral Tablet",8886,protriptyline
2121766,"testosterone undecanoate 158 MG Oral Capsule",10379,testosterone
541043,Oxynorm,7804,oxycodone
749207,Renvela,214824,sevelamer
1191256,"fluocinolone acetonide 0.025 % Topical Ointment",25126,fluocinolone
197980,"metyrosine 250 MG Oral Capsule",266604,metyrosine
991486,"codeine phosphate 10 MG / promethazine HCl 6.25 MG in 5 mL Oral Solution",2670,codeine
309686,"dexamethasone 0.5 MG per 5 ML Oral Solution",3264,dexamethasone
861783,"pioglitazone 15 MG / metFORMIN HCl 500 MG Oral Tablet",33738,pioglitazone
861783,"pioglitazone 15 MG / metFORMIN HCl 500 MG Oral Tablet",6809,metformin
1000395,"{28 (estrogens, conjugated (USP) 0.625 MG / medroxyprogesterone acetate 2.5 MG Oral Tablet) } Pack",4099,"estrogens, conjugated (USP)"
1000395,"{28 (estrogens, conjugated (USP) 0.625 MG / medroxyprogesterone acetate 2.5 MG Oral Tablet) } Pack",6691,medroxyprogesterone
197418,"bumetanide 1 MG Oral Tablet",1808,bumetanide
831391,"miconazole nitrate 0.25 % / petrolatum, white 81.35 % / zinc oxide 15 % Topical Ointment",8091,petrolatum
831391,"miconazole nitrate 0.25 % / petrolatum, white 81.35 % / zinc oxide 15 % Topical Ointment",11423,"zinc oxide"
831391,"miconazole nitrate 0.25 % / petrolatum, white 81.35 % / zinc oxide 15 % Topical Ointment",6932,miconazole
892345,"morphine sulfate 30 MG Extended Release Oral Capsule",7052,morphine
1049635,"acetaminophen 325 MG / oxycodone hydrochloride 2.5 MG Oral Tablet",161,acetaminophen
1094377,"coffee bean allergenic extract 50 MG/ML Injectable Solution",891727,"coffee bean allergenic extract"
1743549,"oxacillin 2000 MG Injection",7773,oxacillin
311702,"midazolam 5 MG/ML Injectable Solution",6960,midazolam
687043,"amphetamine aspartate 3.125 MG / amphetamine sulfate 3.125 MG / dextroamphetamine saccharate 3.125 MG / dextroamphetamine sulfate 3.125 MG Oral Tablet",725,amphetamine
687043,"amphetamine aspartate 3.125 MG / amphetamine sulfate 3.125 MG / dextroamphetamine saccharate 3.125 MG / dextroamphetamine sulfate 3.125 MG Oral Tablet",3288,dextroamphetamine
1666338,"buprenorphine (as buprenorphine hydrochloride) 2.9 MG / naloxone (as naloxone hydrochloride dihydrate) 0.71 MG Sublingual Tablet",7242,naloxone
2104336,"cenegermin-bkbj 0.02 MG/ML Ophthalmic Solution",2104332,cenegermin
892283,"bluefish allergenic extract 100 MG/ML Injectable Solution",892181,"bluefish allergenic extract"
1649425,"doxycycline hyclate 75 MG Oral Tablet",3640,doxycycline
1721476,"ampicillin 2000 MG Injection",733,ampicillin
898353,"amlodipine 5 MG / benazepril hydrochloride 10 MG Oral Capsule",17767,amlodipine
1606337,"asenapine (as asenapine maleate) 2.5 MG Sublingual Tablet",784649,asenapine
198241,"temazepam 15 MG Oral Capsule",10355,temazepam
1040055,Nuedexta,3289,dextromethorphan
1040055,Nuedexta,9068,quinidine
314268,"tazarotene 0.5 MG/ML Topical Cream",83947,tazarotene
402011,"risperiDONE 37.5 MG Injection",35636,risperidone
833008,"desmopressin acetate 0.2 MG Oral Tablet",3251,desmopressin
857174,"FNP Sodium 20 MG / HCTZ 12.5 MG Oral Tablet",5487,hydrochlorothiazide
857174,"FNP Sodium 20 MG / HCTZ 12.5 MG Oral Tablet",50166,fosinopril
901381,"sesame seed allergenic extract 100 MG/ML Injectable Solution",901199,"sesame seed allergenic extract"
1011040,"okra allergenic extract 100 MG/ML Injectable Solution",1011021,"okra allergenic extract"
1442163,"fenofibrate 30 MG Oral Capsule",8703,fenofibrate
2280761,"{24 (ethinyl estradiol 0.02 MG / norethindrone acetate 1 MG Chewable Tablet) / 4 (ferrous fumarate 75 MG Oral Tablet) } Pack [Charlotte 24 Fe Chewable 28 Day]",7514,norethindrone
2280761,"{24 (ethinyl estradiol 0.02 MG / norethindrone acetate 1 MG Chewable Tablet) / 4 (ferrous fumarate 75 MG Oral Tablet) } Pack [Charlotte 24 Fe Chewable 28 Day]",24941,"ferrous fumarate"
2280761,"{24 (ethinyl estradiol 0.02 MG / norethindrone acetate 1 MG Chewable Tablet) / 4 (ferrous fumarate 75 MG Oral Tablet) } Pack [Charlotte 24 Fe Chewable 28 Day]",4124,"ethinyl estradiol"
309594,"cyanocobalamin 1000 MCG/ML Injectable Solution",11248,"vitamin B12"
729455,"amLODIPine / valsartan",17767,amlodipine
895922,"Amaranthus spinosus pollen extract 50 MG/ML Injectable Solution",895919,"spiny pigweed pollen extract"
896762,"labetalol hydrochloride 200 MG Oral Tablet",6185,labetalol
1547550,Keytruda,1547545,pembrolizumab
1043675,"Juniperus ashei pollen extract 10,000 UNT/ML Injectable Solution",852581,"mountain cedar pollen extract"
1044427,"APAP 300 MG / hydrocodone bitartrate 10 MG per 15 ML Oral Solution",5489,hydrocodone
1044427,"APAP 300 MG / hydrocodone bitartrate 10 MG per 15 ML Oral Solution",161,acetaminophen
2602355,Byooviz,595060,ranibizumab
2624719,"PHENobarbital sodium 100 MG Injection",8134,phenobarbital
670026,"darunavir (as darunavir ethanolate) 600 MG Oral Tablet",460132,darunavir
897993,"Bassia scoparia pollen extract 10,000 UNT/ML Injectable Solution",852593,"burning bush pollen extract"
1359030,"Junel 1.5/30 21 Day Pack",4124,"ethinyl estradiol"
1359030,"Junel 1.5/30 21 Day Pack",7514,norethindrone
1359134,"Tilia Fe 28 Day Pack",24941,"ferrous fumarate"
1359134,"Tilia Fe 28 Day Pack",4124,"ethinyl estradiol"
309047,"cefadroxil 1000 MG Oral Tablet",2177,cefadroxil
886662,"flecainide acetate 50 MG Oral Tablet",4441,flecainide
199119,"omeprazole 10 MG Delayed Release Oral Capsule",7646,omeprazole
485489,"temazepam 22.5 MG Oral Capsule",10355,temazepam
1423767,"nimodipine 60 MG per 20 ML Oral Solution",7426,nimodipine
905051,"cricket allergenic extract 50 MG/ML Injectable Solution",973447,"cricket allergenic extract"
596930,"DULoxetine 30 MG (as DULoxetine HCl 33.7 MG) Delayed Release Oral Capsule",72625,duloxetine
225882,"Erythroped SF",4053,erythromycin
2283536,"{14 (cenobamate 100 MG Oral Tablet [Xcopri]) / 14 (cenobamate 50 MG Oral Tablet [Xcopri]) } Pack [Xcopri Titration Pack - 50 MG (14), 100 MG (14) 28 Count]",2265690,cenobamate
834046,"penicillin V potassium 25 MG/ML Oral Solution",7984,"penicillin V"
896983,"labetalol hydrochloride 400 MG Oral Tablet",6185,labetalol
284904,Trizivir,11413,zidovudine
1359132,"Eth estra-Noreth Ac 0.02-1 MG (5) Oral Tablet / Eth estra-Noreth Ac 0.03-1 MG (7) Oral Tablet / Eth estra-Noreth Ac 0.035-1 MG (9) Oral Tablet / Ferr fum 75 MG (7) Oral Tablet 28 Day Pack",4124,"ethinyl estradiol"
1359132,"Eth estra-Noreth Ac 0.02-1 MG (5) Oral Tablet / Eth estra-Noreth Ac 0.03-1 MG (7) Oral Tablet / Eth estra-Noreth Ac 0.035-1 MG (9) Oral Tablet / Ferr fum 75 MG (7) Oral Tablet 28 Day Pack",24941,"ferrous fumarate"
1359132,"Eth estra-Noreth Ac 0.02-1 MG (5) Oral Tablet / Eth estra-Noreth Ac 0.03-1 MG (7) Oral Tablet / Eth estra-Noreth Ac 0.035-1 MG (9) Oral Tablet / Ferr fum 75 MG (7) Oral Tablet 28 Day Pack",7514,norethindrone
2467537,"baloxavir marboxil 40 MG Granules for Oral Suspension",2099995,"baloxavir marboxil"
854916,"bisoprolol fumarate 2.5 MG / HCTZ 6.25 MG Oral Tablet",5487,hydrochlorothiazide
901477,"sheep sorrel pollen extract 40000 UNT/ML Injectable Solution",852213,"sheep sorrel pollen extract"
876064,"ursodiol 250 MG [Ursofalk]",62427,ursodeoxycholate
1298799,"isoxsuprine HCl 20 MG Oral Tablet",6066,isoxsuprine
197784,"hydrocortisone 2 % Topical Lotion",5492,hydrocortisone
1543553,"Nikki 28 Day Pack",4124,"ethinyl estradiol"
1543553,"Nikki 28 Day Pack",11636,drospirenone
1543553,"Nikki 28 Day Pack",748794,"inert ingredients"
852279,"Gambels oak pollen extract 50 MG/mL Injectable Solution",852276,"Gambels oak pollen extract"
1094908,Pen-Aqueous,7980,"penicillin G"
1722349,"meloxicam 5 MG Oral Capsule",41493,meloxicam
197660,"estrogens, conjugated (USP) 0.3 MG Oral Tablet",4099,"estrogens, conjugated (USP)"
643019,"ARIPiprazole 10 MG Disintegrating Oral Tablet",89013,aripiprazole
309086,"ceftibuten (as ceftibuten dihydrate) 400 mg Oral Capsule",20492,ceftibuten
979464,"hydrochlorothiazide 12.5 MG / losartan potassium 100 MG Oral Tablet",5487,hydrochlorothiazide
979464,"hydrochlorothiazide 12.5 MG / losartan potassium 100 MG Oral Tablet",52175,losartan
1012171,"Rhizopus arrhizus var. arrhizus extract 0.05 GM/ML Injectable Solution",314443,"Rhizopus arrhizus allergenic extract"
1014309,"sweet gum pollen extract 10000 UNT/ML Injectable Solution",852627,"sweet gum pollen extract"
1359124,"{28 (estradiol 0.5 MG / norethindrone acetate 0.1 MG Oral Tablet) } Pack",4083,estradiol
1359124,"{28 (estradiol 0.5 MG / norethindrone acetate 0.1 MG Oral Tablet) } Pack",7514,norethindrone
284008,"travoprost 40 MCG/ML Ophthalmic Solution",283809,travoprost
1722934,"meropenem 500 MG Injection",29561,meropenem
310429,"furosemide 20 MG Oral Tablet",4603,furosemide
1046997,"atropine sulfate 0.0582 MG / hyoscyamine sulfate 0.311 MG / PHENobarbital 48.6 MG / scopolamine HBr 0.0195 MG Extended Release Oral Tablet",1223,atropine
1046997,"atropine sulfate 0.0582 MG / hyoscyamine sulfate 0.311 MG / PHENobarbital 48.6 MG / scopolamine HBr 0.0195 MG Extended Release Oral Tablet",9601,scopolamine
1046997,"atropine sulfate 0.0582 MG / hyoscyamine sulfate 0.311 MG / PHENobarbital 48.6 MG / scopolamine HBr 0.0195 MG Extended Release Oral Tablet",153970,hyoscyamine
1098670,"nefazodone hydrochloride 200 MG Oral Tablet",31565,nefazodone
1721614,Genvoya,276237,emtricitabine
2044967,"{28 (tolvaptan 30 MG Oral Tablet [Jynarque]) / 28 (tolvaptan 60 MG Oral Tablet [Jynarque]) } Pack [Jynarque 60/30 Carton]",358257,tolvaptan
2286602,"bimatoprost 0.01 MG Drug Implant",283810,bimatoprost
753350,"sinecatechins 15 % Topical Ointment",753346,sinecatechins
894801,"morphine sulfate 50 MG Extended Release Oral Capsule",7052,morphine
896255,"dark leaved mugwort pollen extract 20000 UNT/ML Injectable Solution",896246,"dark leaved mugwort pollen extract"
968200,"Trichoderma harzianum allergenic extract 40000 UNT/ML Injectable Solution",968197,"Trichoderma harzianum allergenic extract"
1551993,"cobicistat 150 MG Oral Tablet",1306284,cobicistat
894749,"Anas platyrhynchos feather extract 100 MG/ML Injectable Solution",892851,"duck feather extract"
1011431,"paprika allergenic extract 100 MG/ML Injectable Solution",899873,"paprika allergenic extract"
284848,Protopic,42316,tacrolimus
562366,"desflurane 1000 MG/ML Inhalation Solution",27340,desflurane
895685,"tag alder pollen extract 20000 UNT/ML Injectable Solution",851902,"tag alder pollen extract"
1013629,"Drospiren-Eth estra-Levomefol Ca 3-0.02-0.451 MG (24) Oral Tablet / Levomefol Ca 0.451 MG (4) Oral Tablet 28 Day Pack",4124,"ethinyl estradiol"
1013629,"Drospiren-Eth estra-Levomefol Ca 3-0.02-0.451 MG (24) Oral Tablet / Levomefol Ca 0.451 MG (4) Oral Tablet 28 Day Pack",1592257,levomefolate
1598068,"ivermectin 1 % Topical Cream",6069,ivermectin
891679,"green bean extract 0.05 GM/ML Injectable Solution",891676,"string bean allergenic extract"
1373463,"canagliflozin (as canagliflozin hemihydrate) 100 MG Oral Tablet",1373458,canagliflozin
198275,"thioridazine (as thioridazine hydrochloride) 50 MG Oral Tablet",10502,thioridazine
2645244,"abiraterone acetate 500 MG / niraparib 50 MG Oral Tablet",1918231,niraparib
2645244,"abiraterone acetate 500 MG / niraparib 50 MG Oral Tablet",1100072,abiraterone
312104,"belladonna alkaloids 16.2 MG / opium 30 MG Rectal Suppository",1359,"belladonna alkaloids"
728109,"oseltamivir phosphate 30 MG Oral Capsule",260101,oseltamivir
1359023,"Eth estra-Noreth Ac 0.03-1.5 MG (21) Oral Tablet / Ferr fum 75 MG (7) Oral Tablet 28 Day Pack",4124,"ethinyl estradiol"
1359023,"Eth estra-Noreth Ac 0.03-1.5 MG (21) Oral Tablet / Ferr fum 75 MG (7) Oral Tablet 28 Day Pack",24941,"ferrous fumarate"
1359023,"Eth estra-Noreth Ac 0.03-1.5 MG (21) Oral Tablet / Ferr fum 75 MG (7) Oral Tablet 28 Day Pack",7514,norethindrone
855332,"warfarin sodium 5 MG Oral Tablet",11289,warfarin
1592279,"pirfenidone 267 MG Oral Capsule",1592254,pirfenidone
240128,"ethinyl estradiol 0.035 MG / norgestimate 0.25 MG Oral Tablet",31994,norgestimate
240128,"ethinyl estradiol 0.035 MG / norgestimate 0.25 MG Oral Tablet",4124,"ethinyl estradiol"
1098418,"vandetanib 300 MG Oral Tablet",1098413,vandetanib
966666,"Candida albicans allergenic extract 20,000 UNT/mL Injectable Solution",214355,"Candida albicans allergenic extract"
198215,"sodium fluoride 0.55 MG (fluoride ion 0.25 MG) Chewable Tablet",9873,"sodium fluoride"
485414,"alprazolam 1 MG Disintegrating Oral Tablet",596,alprazolam
894956,"Gallus gallus feather extract 10,000 UNT/ML Injectable Solution",894934,"chicken feather extract"
895306,"domestic goat skin extract 10000 UNT/mL Injectable Solution",852252,"domestic goat skin extract"
1094492,"Helminthosporium solani allergenic extract 50 MG/ML Injectable Solution",867232,"Helminthosporium solani allergenic extract"
1604350,"{30 (lenvatinib 10 MG Oral Capsule [Lenvima]) / 30 (lenvatinib 4 MG Oral Capsule [Lenvima]) } Pack [Lenvima 14]",1603296,lenvatinib
310497,"glucagon (rDNA) 1 MG Injection",4832,glucagon
349407,"treprostinil 1 MG/ML Injectable Solution",343048,treprostinil
884532,"dextroamphetamine sulfate 15 MG Extended Release Oral Capsule",3288,dextroamphetamine
1998483,"doxycycline hyclate 200 MG Injection",3640,doxycycline
283257,"menthol 0.08 MG/MG Topical Gel",6750,menthol
1112244,"acrivastine 8 MG / pseudoephedrine hydrochloride 60 MG Oral Capsule",8896,pseudoephedrine
485496,"aripiprazole 1 MG per 1 ML Oral Solution",89013,aripiprazole
858262,"doxercalciferol 1 MCG Oral Capsule",11516,doxercalciferol
899596,"Broussonetia papyrifera pollen extract 1 GM per 20 ML Injectable Solution",899593,"mulberry pollen extract"
197310,"acyclovir 200 MG Oral Capsule",281,acyclovir
198000,"nadolol 40 MG / bendroflumethiazide 5 MG Oral Tablet",7226,nadolol
2197691,Dengvaxia,2197291,"dengue virus live antigen, CYD serotype 2"
2197691,Dengvaxia,2197290,"dengue virus live antigen, CYD serotype 1"
2197691,Dengvaxia,2197293,"dengue virus live antigen, CYD serotype 4"
645037,"risperiDONE 0.25 MG Disintegrating Oral Tablet",35636,risperidone
854905,"bisoprolol fumarate 5 MG Oral Tablet",19484,bisoprolol
1085728,"triamcinolone acetonide 0.001 MG/MG Oral Paste",10759,triamcinolone
2056480,"levothyroxine sodium 100 MCG per 1 ML Oral Solution",10582,levothyroxine
2056492,"levothyroxine sodium 13 MCG in 1 mL Oral Solution",10582,levothyroxine
54732,Picolax,1546458,picosulfurate
2595466,"{24 (ethinyl estradiol 0.02 MG / norethindrone acetate 1 MG Oral Capsule) / 4 (ferrous fumarate 75 MG Oral Capsule) } Pack [Merzee 28 Day]",24941,"ferrous fumarate"
2595466,"{24 (ethinyl estradiol 0.02 MG / norethindrone acetate 1 MG Oral Capsule) / 4 (ferrous fumarate 75 MG Oral Capsule) } Pack [Merzee 28 Day]",4124,"ethinyl estradiol"
2595466,"{24 (ethinyl estradiol 0.02 MG / norethindrone acetate 1 MG Oral Capsule) / 4 (ferrous fumarate 75 MG Oral Capsule) } Pack [Merzee 28 Day]",7514,norethindrone
315217,"DHT 1 MG/ML Oral Solution",59763,stavudine
617322,"amoxicillin 250 MG / clavulanic acid 62.5 MG per 5 ML Oral Suspension",723,amoxicillin
617322,"amoxicillin 250 MG / clavulanic acid 62.5 MG per 5 ML Oral Suspension",48203,clavulanate
722111,"adapalene 0.3 % Topical Gel",60223,adapalene
1736048,"levetiracetam 500 MG Tablet for Oral Suspension",114477,levetiracetam
283511,"methotrexate 5 MG Oral Tablet",6851,methotrexate
1014382,"Dermatophagoides farinae extract 3,000 AU/ML Injectable Solution",1116977,"American house dust mite allergenic extract"
104220,"furosemide 20 MG per 5 ML Oral Solution",4603,furosemide
1547615,"oritavancin (as oritavancin diphosphate) 400 MG Injection",1547611,oritavancin
1806193,"methylphenidate HCl 50 MG 30/70 Release 24HR Extended Release Oral Capsule",6901,methylphenidate
748856,"Yaz 28 Day Pack",748794,"inert ingredients"
748856,"Yaz 28 Day Pack",11636,drospirenone
748856,"Yaz 28 Day Pack",4124,"ethinyl estradiol"
849833,"tolvaptan 30 MG Oral Tablet",358257,tolvaptan
905341,"demeclocycline hydrochloride 150 MG Oral Tablet",3154,demeclocycline
1012037,"Epicoccum nigrum allergenic extract 40000 MG/ML Injectable Solution",852466,"Epicoccum nigrum allergenic extract"
1014203,"jute fiber extract 10,000 UNT/ML Injectable Solution",852412,"jute fiber allergenic extract"
1098649,"nefazodone HCl 100 MG Oral Tablet",31565,nefazodone
1424850,"1 daytime (acetaminophen 650 MG / dextromethorphan HBr 20 MG / guaifenesin 400 MG / phenylephrine HCl 10 MG per 20 ML Oral Solution) / 1 nighttime (acetaminophen 650 MG / diphenhydramine HCl 25 MG / phenylephrine HCl 10 MG per 20 ML Oral Solution) Pack",3289,dextromethorphan
1424850,"1 daytime (acetaminophen 650 MG / dextromethorphan HBr 20 MG / guaifenesin 400 MG / phenylephrine HCl 10 MG per 20 ML Oral Solution) / 1 nighttime (acetaminophen 650 MG / diphenhydramine HCl 25 MG / phenylephrine HCl 10 MG per 20 ML Oral Solution) Pack",161,acetaminophen
1424850,"1 daytime (acetaminophen 650 MG / dextromethorphan HBr 20 MG / guaifenesin 400 MG / phenylephrine HCl 10 MG per 20 ML Oral Solution) / 1 nighttime (acetaminophen 650 MG / diphenhydramine HCl 25 MG / phenylephrine HCl 10 MG per 20 ML Oral Solution) Pack",8163,phenylephrine
1424850,"1 daytime (acetaminophen 650 MG / dextromethorphan HBr 20 MG / guaifenesin 400 MG / phenylephrine HCl 10 MG per 20 ML Oral Solution) / 1 nighttime (acetaminophen 650 MG / diphenhydramine HCl 25 MG / phenylephrine HCl 10 MG per 20 ML Oral Solution) Pack",5032,guaifenesin
1424850,"1 daytime (acetaminophen 650 MG / dextromethorphan HBr 20 MG / guaifenesin 400 MG / phenylephrine HCl 10 MG per 20 ML Oral Solution) / 1 nighttime (acetaminophen 650 MG / diphenhydramine HCl 25 MG / phenylephrine HCl 10 MG per 20 ML Oral Solution) Pack",3498,diphenhydramine
1734917,"cycloPHOSphamide 500 MG Injection",3002,cyclophosphamide
2267561,"tazarotene 0.45 MG/ML Topical Lotion",83947,tazarotene
889520,"acetaminophen 300 MG / butalbital 50 MG / caffeine 40 MG Oral Capsule",19860,butalbital
896114,"western waterhemp pollen extract 40000 UNT/ML Injectable Solution",851934,"western waterhemp pollen extract"
901031,"black locust pollen extract 20000 UNT/ML Injectable Solution",867325,"black locust pollen extract"
828373,"fenofibric acid 135 MG Delayed Release Oral Capsule",8703,fenofibrate
896110,"naftifine HCl 1 % Topical Cream",31476,naftifine
2532159,"PMDD FLUoxetine 10 MG Oral Tablet",4493,fluoxetine
313786,"acetic acid 20 MG/ML / hydrocortisone 10 MG/ML Otic Solution",168,"acetic acid"
313786,"acetic acid 20 MG/ML / hydrocortisone 10 MG/ML Otic Solution",5492,hydrocortisone
896249,"dark leaved mugwort pollen extract 50 MG/ML Injectable Solution",896246,"dark leaved mugwort pollen extract"
1000647,"pilocarpine hydrochloride 10 MG/ML Ophthalmic Solution",8328,pilocarpine
141905,"dopexamine 10 MG/ML Injectable Solution",23638,dopexamine
855873,"phenytoin sodium 300 MG Extended Release Oral Capsule",8183,phenytoin
861763,"metformin hydrochloride 1000 MG / rosiglitazone (as rosiglitazone maleate) 4 MG Oral Tablet",84108,rosiglitazone
967032,"Candida albicans extract 100 MG/ML Injectable Solution",214355,"Candida albicans allergenic extract"
1014684,"Morus alba pollen extract 20,000 UNT/ML Injectable Solution",852669,"white mulberry pollen extract"
1147323,"brentuximab vedotin 50 MG Injection",1147320,"brentuximab vedotin"
1424916,"dabrafenib 50 MG Oral Capsule",1424911,dabrafenib
1591957,Mircera,729596,"methoxy polyethylene glycol-epoetin beta"
2274404,"ferric derisomaltose 100 MG/ML Injection",2274394,"ferric derisomaltose"
562251,"amoxicillin 250 MG / clavulanate potassium 125 MG Oral Tablet",723,amoxicillin
1232636,"tragacanth allergenic extract 10 MG/ML Injectable Solution",1232630,"tragacanth allergenic extract"
1992686,Segluromet,1992672,ertugliflozin
1992686,Segluromet,6809,metformin
1010759,"EPINEPHrine (as EPINEPHrine bitartrate) 1:100,000 / lidocaine hydrochloride 2 % Injectable Solution",3992,epinephrine
1599543,"edoxaban 15 MG (as edoxaban tosylate 20.2 MG) Oral Tablet",1599538,edoxaban
2594501,"mitapivat 50 MG Oral Tablet",2594468,mitapivat
313453,"tretinoin 0.001 MG/MG Topical Gel",10753,tretinoin
900711,"lodgepole pine pollen extract 25 MG/ML / yellow pine pollen extract 25 MG/ML Injectable Solution",852716,"yellow pine pollen extract"
1604384,"Lenvima 10 MG Daily Dose 30 Day Supply Pack",1603296,lenvatinib
310132,"EPINEPHrine (as EPINEPHrine hydrochloride) 1 MG/ML Injectable Solution",3992,epinephrine
2532351,"{3 (ponesimod 10 MG Oral Tablet [Ponvory]) / 2 (ponesimod 2 MG Oral Tablet [Ponvory]) / 2 (ponesimod 3 MG Oral Tablet [Ponvory]) / 2 (ponesimod 4 MG Oral Tablet [Ponvory]) / 1 (ponesimod 5 MG Oral Tablet [Ponvory]) / 1 (ponesimod 6 MG Oral Tablet [Ponvory]) / 1 (ponesimod 7 MG Oral Tablet [Ponvory]) / 1 (ponesimod 8 MG Oral Tablet [Ponvory]) / 1 (ponesimod 9 MG Oral Tablet [Ponvory]) } Pack [Ponvory 14 Day]",2532300,ponesimod
312821,"rifampin 600 MG Injection",9384,rifampin
1000131,"medroxyPROGESTERone acetate 400 MG/ML Injectable Suspension",6691,medroxyprogesterone
1743995,IDELVION,4249,"factor IX"
722134,"amLODIPine 5 MG / valsartan 160 MG Oral Tablet",17767,amlodipine
722134,"amLODIPine 5 MG / valsartan 160 MG Oral Tablet",69749,valsartan
1115267,"levothyroxine sodium 100 MCG Injection",10582,levothyroxine
2475401,Lupkynis,2475166,voclosporin
1738536,"betamethasone 0.5 MG/ML Topical Spray",1514,betamethasone
1922763,"sotalol HCl AF 160 MG Oral Tablet",9947,sotalol
260376,"terazosin 10 MG Oral Capsule",37798,terazosin
2619427,"voxelotor 300 MG Oral Tablet",2265678,voxelotor
313291,"theophylline 400 MG Extended Release Oral Tablet",10438,theophylline
608326,"rasagiline 1 MG",134748,rasagiline
2169300,"alpelisib 150 MG Oral Tablet",2169285,alpelisib
854054,"Schedonorus pratensis grass pollen extract 100,000 BAU/ML Injectable Solution",851918,"meadow fescue grass pollen extract"
897345,"cherry birch pollen extract 10000 UNT/ML Injectable Solution",852144,"cherry birch pollen extract"
996640,"codeine phosphate 2 MG/ML / pseudoephedrine hydrochloride 6 MG/ML / triprolidine hydrochloride 0.25 MG/ML Oral Solution",2670,codeine
198224,"spironolactone 25 MG / hydroCHLOROthiazide 25 MG Oral Tablet",5487,hydrochlorothiazide
198224,"spironolactone 25 MG / hydroCHLOROthiazide 25 MG Oral Tablet",9997,spironolactone
1045457,Halaven,1045453,eribulin
311726,"mirtazapine 45 MG Oral Tablet",15996,mirtazapine
895598,"Acer saccharum pollen extract 0.1 GM/ML Injectable Solution",851874,"hard maple pollen extract"
1099638,"ethinyl estradiol 0.025 MG / norethindrone 0.8 MG Chewable Tablet",7514,norethindrone
1099638,"ethinyl estradiol 0.025 MG / norethindrone 0.8 MG Chewable Tablet",4124,"ethinyl estradiol"
1725059,"naloxone hydrochloride 40 MG/ML Nasal Spray",7242,naloxone
602910,"lenalidomide 10 MG Oral Capsule",342369,lenalidomide
895683,"Alnus incana ssp. rugosa pollen extract 0.1 GM/ML Injectable Solution",851902,"tag alder pollen extract"
1806940,"carfilzomib 60 MG Injection",1302966,carfilzomib
198182,"pyrimethamine 25 MG Oral Tablet",9010,pyrimethamine
311924,"nelfinavir mesylate 250 MG Oral Tablet",134527,nelfinavir
905331,"tuna allergenic extract 50 MG/ML Injectable Solution",892503,"tuna allergenic extract"
853047,"orchard grass pollen extract 100000 BAU/ML Injectable Solution",851878,"orchard grass pollen extract"
891614,"coconut allergenic extract 50 MG/ML Injectable Solution",891611,"coconut allergenic extract"
905493,"venison allergenic extract 50 MG/ML Injectable Solution",882488,"venison allergenic extract"
966946,"Penicillium camemberti allergenic extract 50 MG/ML Injectable Solution",966943,"Penicillium camemberti allergenic extract"
349480,"vardenafil 20 MG Oral Tablet",306674,vardenafil
334086,"procyclidine 2.5 MG",8718,procyclidine
889590,"Trichophyton mentagrophytes extract 0.05 GM/ML Injectable Solution",867357,"Trichophyton mentagrophytes allergenic extract"
904638,"flaxseed allergenic extract 100 MG/ML Injectable Solution",901351,"flaxseed allergenic extract"
1291082,"hydrocortisone acetate 25 MG Rectal Suppository",5492,hydrocortisone
2632844,"estradiol 0.5 MG / progesterone 100 MG Oral Capsule",4083,estradiol
637173,"cephalexin 750 MG Oral Capsule",2231,cephalexin
895364,"Cootamundra wattle pollen extract 40000 UNT/ML Injectable Solution",895353,"Cootamundra wattle pollen extract"
1234333,"hydrocortisone acetate 0.025 MG/MG / pramoxine hydrochloride 0.01 MG/MG Topical Ointment",34347,pramoxine
1236084,"benzydamine HCl 0.15 % Oral Spray",1425,benzydamine
896146,"short ragweed pollen extract 20000 UNT/ML Injectable Solution",896135,"short ragweed pollen extract"
900736,"Pinus elliottii pollen extract 100 MG/ML Injectable Solution",900731,"slash pine pollen extract"
199885,"levofloxacin 500 MG Oral Tablet",82122,levofloxacin
834182,"Penicillin V Pot 3 MG/ML Ophthalmic Solution",7984,"penicillin V"
851752,"{14 (lamotrigine 100 MG Disintegrating Oral Tablet) / 42 (lamotrigine 50 MG Disintegrating Oral Tablet) } Pack",28439,lamotrigine
852301,"guinea pig skin extract 50 MG/ML Injectable Solution",852298,"guinea pig skin extract"
835564,"imipramine HCl 25 MG Oral Tablet",5691,imipramine
197508,"cimetidine 800 MG Oral Tablet",2541,cimetidine
2621571,"Sensor 3 ML insulin lispro 100 UNT/ML Pen Injector",86009,"insulin lispro"
2639749,"Pediatric 1.5 ML leuprolide acetate 7.5 MG/ML Prefilled Syringe",42375,leuprolide
855675,"phenytoin sodium 100 MG Oral Capsule",8183,phenytoin
894859,"acitretin 17.5 MG Oral Capsule",16818,acitretin
1998458,"Sensor aripiprazole 20 MG Oral Tablet",89013,aripiprazole
2055912,Xerava,2055906,eravacycline
1604351,"lenvatinib 24 MG (as lenvatinib mesylate) Daily Dose 30 Day Supply Pack",1603296,lenvatinib
1658132,"siltuximab 100 MG Injection",1535218,siltuximab
2178079,"tiopronin 300 MG Delayed Release Oral Tablet",6765,tiopronin
853027,"perennial rye grass pollen extract 100000 BAU/ML Injectable Solution",852819,"perennial rye grass pollen extract"
2387338,"tafasitamab-cxix 200 MG Injection",2387211,tafasitamab
311668,"metoclopramide 5 MG (as metoclopramide hydrochloride) Oral Tablet",6915,metoclopramide
1546889,Triumeq,68244,lamivudine
859981,"asenapine (as asenapine maleate) 5 MG Sublingual Tablet",784649,asenapine
1791230,"dilTIAZem hydrochloride 5 MG/ML Injection",3443,diltiazem
1797913,"triamcinolone acetonide 0.055 MG/ACTUAT Metered Dose Nasal Spray",10759,triamcinolone
2541519,"{14 (deutetrabenazine 12 MG Oral Tablet [Austedo]) / 28 (deutetrabenazine 6 MG Oral Tablet [Austedo]) / 28 (deutetrabenazine 9 MG Oral Tablet [Austedo]) } Pack [Austedo 12 MG Starting Dose, 4 Week Titration Pack]",1876905,deutetrabenazine
577317,"paricalcitol 2 MCG Oral Capsule",73710,paricalcitol
1049604,"oxyCODONE HCl 5 MG in 5 mL Oral Solution",7804,oxycodone
226921,"alprostadil 40 MCG Injection",598,alprostadil
2678244,"rilpivirine 2.5 MG Tablet for Oral Suspension",1102270,rilpivirine
315102,"sodium fluoride 1.1 MG/ML Oral Solution",9873,"sodium fluoride"
995281,"hydrOXYzine hydrochloride 50 MG Oral Tablet",5553,hydroxyzine
1235247,"lurasidone HCl 20 MG Oral Tablet",1040028,lurasidone
1297761,"esomeprazole 5 MG Granules for Oral Suspension",283742,esomeprazole
1366192,"cloBAZam 2.5 MG per 1 ML Oral Suspension",21241,clobazam
854801,"diclofenac sodium 0.1 % Ophthalmic Solution",3355,diclofenac
895284,"rat skin extract 100 MG/mL Injectable Solution",895279,"rat skin extract"
1731037,Zurampic,1731031,lesinurad
2279432,"{2 (peanut (Arachis hypogaea) allergen-dnfp 1 MG Oral Powder) / 1 (peanut (Arachis hypogaea) allergen-dnfp 10 MG Oral Powder) } Pack",891658,"peanut allergenic extract"
151186,"Isoket Retard",6058,"isosorbide dinitrate"
1000731,"sulfacetamide sodium 10 % / sulfur 2 % Topical Cream",10223,sulfur
1941474,"nitisinone 2 MG Oral Tablet",61805,nitisinone
991194,"chlorproMAZINE HCl 25 MG Oral Tablet",2403,chlorpromazine
199772,"metyrapone 250 MG Oral Capsule",6923,metyrapone
312199,"paclitaxel 300 MG per 50 ML Injectable Solution",56946,paclitaxel
852057,"American elm pollen extract 50 MG/ML Injectable Solution",852054,"American elm pollen extract"
2107345,"prucalopride 1 MG Oral Tablet",2107310,prucalopride
309679,"dexAMETHasone 0.1 % / neomycin (as neomycin sulfate) 0.35 % / polymyxin B (as polymyxin B sulfate) 10 UNT/MG Ophthalmic Ointment",8536,"polymyxin B"
1370976,"ospemifene 60 MG Oral Tablet",1370971,ospemifene
2045233,"polyethylene glycol 3350 100 GM / potassium chloride 1 GM / sodium chloride 2 GM / sodium sulfate 9 GM Powder for Oral Solution",36721,"sodium sulfate"
2045233,"polyethylene glycol 3350 100 GM / potassium chloride 1 GM / sodium chloride 2 GM / sodium sulfate 9 GM Powder for Oral Solution",9863,"sodium chloride"
2045233,"polyethylene glycol 3350 100 GM / potassium chloride 1 GM / sodium chloride 2 GM / sodium sulfate 9 GM Powder for Oral Solution",8591,"potassium chloride"
239212,"lincomycin (as lincomycin HCl) 300 MG/ML Injectable Solution",6398,lincomycin
577127,"pregabalin 225 MG Oral Capsule",187832,pregabalin
898024,"European olive pollen extract 100 MG/mL Injectable Solution",852653,"european olive pollen extract"
2670637,"nirogacestat 50 MG (equivalent to nirogacestat HBr 66.5 MG) Oral Tablet",2670631,nirogacestat
308194,"amoxicillin 875 MG Oral Tablet",723,amoxicillin
310293,"fentaNYL (as fentaNYL citrate) 1200 MCG Oral Lozenge",4337,fentanyl
833528,"amiodarone hydrochloride 200 MG Oral Tablet",703,amiodarone
895506,"domestic goat hair extract 50 MG/ML Injectable Solution",895503,"domestic goat hair extract"
151459,Brolene,34633,propamidine
1540230,"ketorolac 2.88 MG/ML / phenylephrine 10.16 MG/ML Ophthalmic Irrigation Solution",35827,ketorolac
311345,"linezolid 100 MG per 5 ML Oral Suspension",190376,linezolid
315156,"neomycin 3.5 MG/ML / polymyxin B 16250 UNT/ML Ophthalmic Solution",8536,"polymyxin B"
1232202,"zolpidem tartrate 3.5 MG Sublingual Tablet",39993,zolpidem
2395829,"Sensor 60 ACTUAT fluticasone propionate 0.055 MG/ACTUAT / salmeterol 0.014 MG/ACTUAT Dry Powder Inhaler",41126,fluticasone
889606,"wheat smut allergenic extract 40,000 UNT/ML Injectable Solution",852797,"wheat smut allergenic extract"
313989,"fluoxetine 40 MG (as fluoxetine HCl 44.8 MG) Oral Capsule",4493,fluoxetine
1543004,"amylase 15125 UNT / lipase 4000 UNT / protease 14375 UNT Delayed Release Oral Capsule",8031,protease
1543004,"amylase 15125 UNT / lipase 4000 UNT / protease 14375 UNT Delayed Release Oral Capsule",6406,lipase
197854,"ketoprofen 25 MG Oral Capsule",6142,ketoprofen
226329,"Nurofen For Children",5640,ibuprofen
857297,"clomiPRAMINE hydrochloride 25 MG Oral Capsule",2597,clomipramine
205305,"telmisartan 80 MG Oral Tablet",73494,telmisartan
800440,"alanine 10.4 MG/ML / arginine 5.75 MG/ML / glucose 200 MG/ML / glycine 5.15 MG/ML / histidine 2.4 MG/ML / isoleucine 3 MG/ML / leucine 3.65 MG/ML / lysine 2.9 MG/ML / methionine 2 MG/ML / phenylalanine 2.8 MG/ML / proline 3.4 MG/ML / serine 2.5 MG/ML / threonine 2.1 MG/ML / tryptophan 0.9 MG/ML / tyrosine 0.2 MG/ML / valine 2.9 MG/ML Injectable Solution",10898,tryptophan
800440,"alanine 10.4 MG/ML / arginine 5.75 MG/ML / glucose 200 MG/ML / glycine 5.15 MG/ML / histidine 2.4 MG/ML / isoleucine 3 MG/ML / leucine 3.65 MG/ML / lysine 2.9 MG/ML / methionine 2 MG/ML / phenylalanine 2.8 MG/ML / proline 3.4 MG/ML / serine 2.5 MG/ML / threonine 2.1 MG/ML / tryptophan 0.9 MG/ML / tyrosine 0.2 MG/ML / valine 2.9 MG/ML Injectable Solution",6033,isoleucine
800440,"alanine 10.4 MG/ML / arginine 5.75 MG/ML / glucose 200 MG/ML / glycine 5.15 MG/ML / histidine 2.4 MG/ML / isoleucine 3 MG/ML / leucine 3.65 MG/ML / lysine 2.9 MG/ML / methionine 2 MG/ML / phenylalanine 2.8 MG/ML / proline 3.4 MG/ML / serine 2.5 MG/ML / threonine 2.1 MG/ML / tryptophan 0.9 MG/ML / tyrosine 0.2 MG/ML / valine 2.9 MG/ML Injectable Solution",6308,leucine
800440,"alanine 10.4 MG/ML / arginine 5.75 MG/ML / glucose 200 MG/ML / glycine 5.15 MG/ML / histidine 2.4 MG/ML / isoleucine 3 MG/ML / leucine 3.65 MG/ML / lysine 2.9 MG/ML / methionine 2 MG/ML / phenylalanine 2.8 MG/ML / proline 3.4 MG/ML / serine 2.5 MG/ML / threonine 2.1 MG/ML / tryptophan 0.9 MG/ML / tyrosine 0.2 MG/ML / valine 2.9 MG/ML Injectable Solution",10524,threonine
800440,"alanine 10.4 MG/ML / arginine 5.75 MG/ML / glucose 200 MG/ML / glycine 5.15 MG/ML / histidine 2.4 MG/ML / isoleucine 3 MG/ML / leucine 3.65 MG/ML / lysine 2.9 MG/ML / methionine 2 MG/ML / phenylalanine 2.8 MG/ML / proline 3.4 MG/ML / serine 2.5 MG/ML / threonine 2.1 MG/ML / tryptophan 0.9 MG/ML / tyrosine 0.2 MG/ML / valine 2.9 MG/ML Injectable Solution",10962,tyrosine
800440,"alanine 10.4 MG/ML / arginine 5.75 MG/ML / glucose 200 MG/ML / glycine 5.15 MG/ML / histidine 2.4 MG/ML / isoleucine 3 MG/ML / leucine 3.65 MG/ML / lysine 2.9 MG/ML / methionine 2 MG/ML / phenylalanine 2.8 MG/ML / proline 3.4 MG/ML / serine 2.5 MG/ML / threonine 2.1 MG/ML / tryptophan 0.9 MG/ML / tyrosine 0.2 MG/ML / valine 2.9 MG/ML Injectable Solution",5340,histidine
800440,"alanine 10.4 MG/ML / arginine 5.75 MG/ML / glucose 200 MG/ML / glycine 5.15 MG/ML / histidine 2.4 MG/ML / isoleucine 3 MG/ML / leucine 3.65 MG/ML / lysine 2.9 MG/ML / methionine 2 MG/ML / phenylalanine 2.8 MG/ML / proline 3.4 MG/ML / serine 2.5 MG/ML / threonine 2.1 MG/ML / tryptophan 0.9 MG/ML / tyrosine 0.2 MG/ML / valine 2.9 MG/ML Injectable Solution",6837,methionine
800440,"alanine 10.4 MG/ML / arginine 5.75 MG/ML / glucose 200 MG/ML / glycine 5.15 MG/ML / histidine 2.4 MG/ML / isoleucine 3 MG/ML / leucine 3.65 MG/ML / lysine 2.9 MG/ML / methionine 2 MG/ML / phenylalanine 2.8 MG/ML / proline 3.4 MG/ML / serine 2.5 MG/ML / threonine 2.1 MG/ML / tryptophan 0.9 MG/ML / tyrosine 0.2 MG/ML / valine 2.9 MG/ML Injectable Solution",1091,arginine
800440,"alanine 10.4 MG/ML / arginine 5.75 MG/ML / glucose 200 MG/ML / glycine 5.15 MG/ML / histidine 2.4 MG/ML / isoleucine 3 MG/ML / leucine 3.65 MG/ML / lysine 2.9 MG/ML / methionine 2 MG/ML / phenylalanine 2.8 MG/ML / proline 3.4 MG/ML / serine 2.5 MG/ML / threonine 2.1 MG/ML / tryptophan 0.9 MG/ML / tyrosine 0.2 MG/ML / valine 2.9 MG/ML Injectable Solution",6536,lysine
800440,"alanine 10.4 MG/ML / arginine 5.75 MG/ML / glucose 200 MG/ML / glycine 5.15 MG/ML / histidine 2.4 MG/ML / isoleucine 3 MG/ML / leucine 3.65 MG/ML / lysine 2.9 MG/ML / methionine 2 MG/ML / phenylalanine 2.8 MG/ML / proline 3.4 MG/ML / serine 2.5 MG/ML / threonine 2.1 MG/ML / tryptophan 0.9 MG/ML / tyrosine 0.2 MG/ML / valine 2.9 MG/ML Injectable Solution",8737,proline
884655,"amphetamine sulfate 5 MG Oral Tablet",725,amphetamine
1044305,"coast live oak pollen extract 100 MG/ML Injectable Solution",852302,"coast live oak pollen extract"
2049119,"encorafenib 75 MG Oral Capsule",2049106,encorafenib
328700,"acebutolol 400 MG",149,acebutolol
2638481,"phenylephrine hydrochloride 25 MG/ML / tropicamide 10 MG/ML Ophthalmic Spray",10869,tropicamide
745302,"penicillin G sodium 100000 UNT/ML Injectable Solution",7980,"penicillin G"
861769,"metFORMIN hydrochloride 1000 MG / SITagliptin 50 MG Oral Tablet",6809,metformin
2560324,Zynrelef,1815,bupivacaine
2560324,Zynrelef,41493,meloxicam
314227,"SUMAtriptan 20 MG/0.1 ML Nasal Spray",37418,sumatriptan
314285,"zonisamide 100 MG Oral Capsule",39998,zonisamide
349208,"sirolimus 1 MG Oral Tablet",35302,sirolimus
905304,"arabic gum allergenic extract 5 MG/ML Injectable Solution",905301,"arabic gum allergenic extract"
1243227,"tenofovir disoproxil fumarate 250 MG Oral Tablet",300195,"tenofovir disoproxil"
199888,"topiramate 25 MG Oral Tablet",38404,topiramate
2594742,"Pyrukynd 20 MG 4-Week Pack",2594468,mitapivat
2110616,"caplacizumab-yhdp 11 MG Injection",2110605,caplacizumab
2376942,"ursodiol 400 MG Oral Capsule",62427,ursodeoxycholate
308866,"calcitonin salmon 200 UNT/ML Injectable Solution",36118,"salmon calcitonin"
1044587,"tesamorelin 2 MG Injection",1044584,tesamorelin
1482507,"eslicarbazepine acetate 200 MG Oral Tablet",1482502,eslicarbazepine
1797883,"azelastine hydrochloride 0.206 MG/ACTUAT Metered Dose Nasal Spray",18603,azelastine
203748,Zerit,59763,stavudine
1656298,"obinutuzumab 25 MG/ML Injection",974779,obinutuzumab
197681,"ethionamide 250 MG Oral Tablet",4127,ethionamide
859190,"selegiline HCl 1.25 MG Disintegrating Oral Tablet",9639,selegiline
966689,"Phoma glomerata allergenic extract 20000 UNT/ML Injectable Solution",975996,"Phoma glomerata allergenic extract"
239200,"chloramphenicol 100 MG/ML Injectable Solution",2348,chloramphenicol
197659,"estradiol 2 MG Oral Tablet",4083,estradiol
198014,"naproxen 500 MG Oral Tablet",7258,naproxen
312831,"risperidone 2 MG Oral Tablet",35636,risperidone
904411,"black olive allergenic extract 100 MG/ML Injectable Solution",974650,"black olive allergenic extract"
1115952,"white sweet clover pollen extract 25 MG/ML / yellow sweet clover pollen extract 25 MG/ML Injectable Solution",1014447,"yellow sweet clover pollen extract"
1806177,"methylphenidate HCl 20 MG 50/50 Release 24HR Extended Release Oral Capsule",6901,methylphenidate
349545,"aripiprazole 10 MG Oral Tablet",89013,aripiprazole
834303,"chlorhexidine acetate 0.5 MG/ML Irrigation Solution",2358,chlorhexidine
967030,"Candida albicans allergenic extract 20 MG/mL Injectable Solution",214355,"Candida albicans allergenic extract"
1190738,"atropine sulfate 0.025 MG / difenoxin hydrochloride 1 MG Oral Tablet",23024,difenoxin
1483318,"RABEprazole sodium 10 MG Delayed Release Oral Granules",114979,rabeprazole
1858981,"North American coral snake antivenin 250 UNT Injection",979384,"North American coral snake antivenin"
312289,"naloxone (as naloxone hydrochloride) 0.5 MG / pentazocine (as pentazocine hydrochloride) 50 MG Oral Tablet",7242,naloxone
312289,"naloxone (as naloxone hydrochloride) 0.5 MG / pentazocine (as pentazocine hydrochloride) 50 MG Oral Tablet",8001,pentazocine
966978,"northern pike allergenic extract 0.1 GM/ML Injectable Solution",889602,"northern pike allergenic extract"
1927617,"amphetamine aspartate 6.25 MG / amphetamine sulfate 6.25 MG / dextroamphetamine saccharate 6.25 MG / dextroamphetamine sulfate 6.25 MG 3-Bead 24HR Extended Release Oral Capsule",725,amphetamine
1927617,"amphetamine aspartate 6.25 MG / amphetamine sulfate 6.25 MG / dextroamphetamine saccharate 6.25 MG / dextroamphetamine sulfate 6.25 MG 3-Bead 24HR Extended Release Oral Capsule",3288,dextroamphetamine
1999667,"bictegravir 50 MG (as bictegravir sodium 52.5 MG) / emtricitabine 200 MG / tenofovir alafenamide 25 MG (as tenofovir alafenamide fumarate 28 MG) Oral Tablet",1999660,bictegravir
1999667,"bictegravir 50 MG (as bictegravir sodium 52.5 MG) / emtricitabine 200 MG / tenofovir alafenamide 25 MG (as tenofovir alafenamide fumarate 28 MG) Oral Tablet",1721603,"tenofovir alafenamide"
202843,Dettol,20877,chloroxylenol
858356,"aloe polysaccharide 1 % / iodoquinol 1.25 % Topical Gel",3435,iodoquinol
891628,"coconut allergenic extract 100 MG/ML Injectable Solution",891611,"coconut allergenic extract"
1014771,"broad leaved paperbark pollen extract 20000 UNT/ML Injectable Solution",903913,"broad leaved paperbark pollen extract"
854894,"zolpidem tartrate 6.25 MG Extended Release Oral Tablet",39993,zolpidem
901332,"red bell pepper allergenic extract 0.05 GM/ML Injectable Solution",901329,"red bell pepper allergenic extract"
312133,"oxazepam 10 MG Oral Tablet",7781,oxazepam
897657,"HYDROmorphone HCl 5 MG per 5 ML Oral Solution",3423,hydromorphone
1006856,Nemex,8984,pyrantel
1247379,"amylase 78300 UNT / lipase 20880 UNT / protease 78300 UNT Oral Tablet",743,amylase
1247379,"amylase 78300 UNT / lipase 20880 UNT / protease 78300 UNT Oral Tablet",8031,protease
1247379,"amylase 78300 UNT / lipase 20880 UNT / protease 78300 UNT Oral Tablet",6406,lipase
413300,"thiamine 50 MG/ML Injectable Solution",10454,thiamine
1305808,"citric acid 12000 MG / magnesium oxide 3500 MG / picosulfate sodium 10 MG Powder for Oral Solution",1546458,picosulfurate
1305808,"citric acid 12000 MG / magnesium oxide 3500 MG / picosulfate sodium 10 MG Powder for Oral Solution",6582,"magnesium oxide"
834040,"penicillin V potassium 50 MG/ML Oral Solution",7984,"penicillin V"
93588,Ocufen,4502,flurbiprofen
205330,"miglitol 50 MG Oral Tablet",30009,miglitol
483436,"pregabalin 100 MG",187832,pregabalin
905141,"mosquito allergenic extract 20000 UNT/ML Injectable Solution",974741,"mosquito allergenic extract"
1743370,Kovaltry,4257,"factor VIII"
2571099,"tisotumab vedotin-tftv 40 MG Injection",2571095,tisotumab
852672,"Morus alba pollen extract 50 MG/ML Injectable Solution",852669,"white mulberry pollen extract"
197438,"captopril 50 MG / hydroCHLOROthiazide 15 MG Oral Tablet",5487,hydrochlorothiazide
197438,"captopril 50 MG / hydroCHLOROthiazide 15 MG Oral Tablet",1998,captopril
1359129,"Mimvey 28 Day Pack",7514,norethindrone
1359129,"Mimvey 28 Day Pack",4083,estradiol
1423080,"doxycycline hyclate 200 MG Delayed Release Oral Tablet",3640,doxycycline
2535239,Zegalogue,2535233,dasiglucagon
1005856,"sulfacetamide sodium 10 % / sulfur 5 % Topical Lotion",10223,sulfur
1744009,"emtricitabine 167 MG / tenofovir disoproxil fumarate 250 MG (equivalent to tenofovir disoproxil 204 MG) Oral Tablet",300195,"tenofovir disoproxil"
1744009,"emtricitabine 167 MG / tenofovir disoproxil fumarate 250 MG (equivalent to tenofovir disoproxil 204 MG) Oral Tablet",276237,emtricitabine
2628479,Orserdu,2628469,elacestrant
106387,"permethrin 50 MG/ML Topical Cream",33199,permethrin
2054981,"stiripentol 500 MG Oral Capsule",2054968,stiripentol
250660,"bumetanide 0.2 MG/ML Oral Solution",1808,bumetanide
2569623,"lonapegsomatropin-tcgd 5.2 MG Cartridge",2569562,lonapegsomatropin
2054159,"{90 (lenvatinib 4 MG Oral Capsule [Lenvima]) } Pack [Lenvima 12]",1603296,lenvatinib
618368,"synthetic conjugated estrogens, B 0.3 MG Oral Tablet",618365,"synthetic conjugated estrogens, B"
1812013,"NIFEdipine 60 MG Osmotic 24HR Extended Release Oral Tablet",7417,nifedipine
1857921,"maraviroc 20 MG per 1 ML Oral Solution",620216,maraviroc
991528,"dextromethorphan hydrobromide 3 MG/ML / promethazine hydrochloride 1.25 MG/ML Oral Solution",8745,promethazine
246008,"alfacalcidol 0.25 MCG Oral Capsule",12062,alfacalcidol
415976,"menthol 0.06 MG/MG Topical Gel",6750,menthol
751901,"Eth estra-Levonorgest 0.03-0.15 MG (84) Oral Tablet / Inert 1 MG (7) Oral Tablet 3 Month Pack",4124,"ethinyl estradiol"
751901,"Eth estra-Levonorgest 0.03-0.15 MG (84) Oral Tablet / Inert 1 MG (7) Oral Tablet 3 Month Pack",6373,levonorgestrel
751901,"Eth estra-Levonorgest 0.03-0.15 MG (84) Oral Tablet / Inert 1 MG (7) Oral Tablet 3 Month Pack",748794,"inert ingredients"
1373503,"{7 (ethinyl estradiol 0.01 MG Oral Tablet) / 42 (ethinyl estradiol 0.02 MG / levonorgestrel 0.15 MG Oral Tablet) / 21 (ethinyl estradiol 0.025 MG / levonorgestrel 0.15 MG Oral Tablet) / 21 (ethinyl estradiol 0.03 MG / levonorgestrel 0.15 MG Oral Tablet) } Pack",4124,"ethinyl estradiol"
1373503,"{7 (ethinyl estradiol 0.01 MG Oral Tablet) / 42 (ethinyl estradiol 0.02 MG / levonorgestrel 0.15 MG Oral Tablet) / 21 (ethinyl estradiol 0.025 MG / levonorgestrel 0.15 MG Oral Tablet) / 21 (ethinyl estradiol 0.03 MG / levonorgestrel 0.15 MG Oral Tablet) } Pack",6373,levonorgestrel
1597095,"Gardasil 9",1596933,"L1 protein, human papillomavirus type 52 vaccine"
1597095,"Gardasil 9",798268,"L1 protein, human papillomavirus type 6 vaccine"
1597095,"Gardasil 9",1596932,"L1 protein, human papillomavirus type 45 vaccine"
1597095,"Gardasil 9",1596931,"L1 protein, human papillomavirus type 33 vaccine"
1795515,"glucose 500 MG/ML Injection",4850,glucose
2055015,"stiripentol 250 MG Powder for Oral Suspension",2054968,stiripentol
242831,"griseofulvin 125 MG Oral Tablet",5021,griseofulvin
899412,"crab allergenic extract 0.05 GM/ML Injectable Solution",892610,"crab allergenic extract"
199247,"glimepiride 4 MG Oral Tablet",25789,glimepiride
2626364,"citric acid 12 GM / magnesium oxide 3.5 GM / picosulfate sodium 10 MG per 175 ML Oral Solution",1546458,picosulfurate
2626364,"citric acid 12 GM / magnesium oxide 3.5 GM / picosulfate sodium 10 MG per 175 ML Oral Solution",6582,"magnesium oxide"
2626364,"citric acid 12 GM / magnesium oxide 3.5 GM / picosulfate sodium 10 MG per 175 ML Oral Solution",21183,"citric acid"
905225,"hydrALAZINE HCl 25 MG Oral Tablet",5470,hydralazine
2557399,Sogroya,2557373,somapacitan
308714,"betamethasone 0.5 MG/ML / clotrimazole 10 MG/ML Topical Cream",2623,clotrimazole
351109,"budesonide 0.5 MG in 2 ML Inhalation Suspension",19831,budesonide
831102,"dilTIAZem hydrochloride 90 MG Oral Tablet",3443,diltiazem
1100198,"docosahexaenoic acid 250 MG Oral Capsule",73,docosahexaenoate
283672,"citalopram 10 MG Oral Tablet",2556,citalopram
2054118,"glycopyrronium 2.4 % Medicated Cloth",1546438,glycopyrronium
2645251,"abiraterone acetate 500 MG / niraparib 100 MG Oral Tablet",1918231,niraparib
2645251,"abiraterone acetate 500 MG / niraparib 100 MG Oral Tablet",1100072,abiraterone
282401,"lamotrigine 25 MG Oral Tablet",28439,lamotrigine
349197,"clonazePAM 2 MG Disintegrating Oral Tablet",2598,clonazepam
307874,"Alternaria alternata allergenic extract 40,000 UNT/mL Injectable Solution",901845,"Alternaria alternata allergenic extract"
2532339,"ponesimod 7 MG Oral Tablet",2532300,ponesimod
311787,"moxifloxacin 400 MG Oral Tablet",139462,moxifloxacin
857700,"diclofenac sodium 15 MG/ML Topical Solution",3355,diclofenac
905087,"Actonel 75 Dosepack",73056,risedronate
1010848,"nutmeg allergenic extract 100 MG/ML Injectable Solution",891652,"nutmeg allergenic extract"
1722680,"Blisovi 24 Fe 1/20 28 Day Pack",24941,"ferrous fumarate"
1722680,"Blisovi 24 Fe 1/20 28 Day Pack",4124,"ethinyl estradiol"
1722680,"Blisovi 24 Fe 1/20 28 Day Pack",7514,norethindrone
2594748,"{7 (mitapivat 20 MG Oral Tablet [Pyrukynd]) / 7 (mitapivat 5 MG Oral Tablet [Pyrukynd]) } Pack [Pyrukynd 5 MG / 20 MG Taper]",2594468,mitapivat
2629344,Jaypirca,2629338,pirtobrutinib
1251190,"lactulose 10000 MG Powder for Oral Solution",6218,lactulose
1860137,"oxyCODONE HCl 40 MG 12HR Extended Release Oral Tablet, Abuse-Deterrent",7804,oxycodone
790286,"ribavirin 500 MG Oral Tablet",9344,ribavirin
861463,"meperidine HCl 50 MG/ML Injectable Solution",6754,meperidine
899385,"blueberry allergenic extract 50 MG/ML Injectable Solution",899382,"blueberry allergenic extract"
1099296,"desipramine HCl 150 MG Oral Tablet",3247,desipramine
1789956,"abobotulinumtoxinA 300 UNT Injection",1712,"botulinum toxin type A"
900014,"quackgrass pollen extract 40000 UNT/ML Injectable Solution",852343,"quackgrass pollen extract"
993466,"midodrine HCl 2.5 MG Oral Tablet",6963,midodrine
198464,"aspirin 300 MG Rectal Suppository",1191,aspirin
1994312,Ryzodeg,1670007,"insulin degludec"
1994312,Ryzodeg,51428,"insulin aspart, human"
755937,"propericiazine 10 MG per 5 ML Syrup",8766,periciazine
197311,"acyclovir 400 MG Oral Tablet",281,acyclovir
2602582,"oteseconazole 150 MG Oral Capsule",2602577,oteseconazole
309174,"chloramphenicol 5 MG/ML Ophthalmic Solution",2348,chloramphenicol
1430383,"{28 (norethindrone 0.35 MG Oral Tablet) } Pack [Lyza]",7514,norethindrone
335762,"tramadol 100 MG",10689,tramadol
1664323,"empagliflozin 12.5 MG / metFORMIN HCl 500 MG Oral Tablet",1545653,empagliflozin
312749,"quinapril 20 MG Oral Tablet",35208,quinapril
351125,"follitropin alfa 600 UNT/ML Injectable Solution",386938,"follitropin alfa"
807264,Sancuso,26237,granisetron
1102202,"{6 (ascorbic acid 100 MG / biotin 0.3 MG / calcium carbonate 100 MG / calcium pantothenate 7 MG / folic acid 1 MG / niacin 25 MG / pyridoxine hydrochloride 30 MG / riboflavin 5 MG / succinic acid 150 MG / thiamine hydrochloride 5 MG / vitamin B12 0.01 MG Oral Tablet) / 24 (ascorbic acid 100 MG / biotin 0.3 MG / calcium pantothenate 0.3 MG / ferrous bisglycinate 65 MG / folic acid 1 MG / formic acid 155 MG / iron-dextran complex 65 MG / niacin 25 MG / pyridoxine hydrochloride 30 MG / riboflavin 5 MG / thiamine hydrochloride 5 MG / vitamin B12 0.01 MG Oral Tablet) } Pack",1151,"ascorbic acid"
1102202,"{6 (ascorbic acid 100 MG / biotin 0.3 MG / calcium carbonate 100 MG / calcium pantothenate 7 MG / folic acid 1 MG / niacin 25 MG / pyridoxine hydrochloride 30 MG / riboflavin 5 MG / succinic acid 150 MG / thiamine hydrochloride 5 MG / vitamin B12 0.01 MG Oral Tablet) / 24 (ascorbic acid 100 MG / biotin 0.3 MG / calcium pantothenate 0.3 MG / ferrous bisglycinate 65 MG / folic acid 1 MG / formic acid 155 MG / iron-dextran complex 65 MG / niacin 25 MG / pyridoxine hydrochloride 30 MG / riboflavin 5 MG / thiamine hydrochloride 5 MG / vitamin B12 0.01 MG Oral Tablet) } Pack",684879,pyridoxine
1102202,"{6 (ascorbic acid 100 MG / biotin 0.3 MG / calcium carbonate 100 MG / calcium pantothenate 7 MG / folic acid 1 MG / niacin 25 MG / pyridoxine hydrochloride 30 MG / riboflavin 5 MG / succinic acid 150 MG / thiamine hydrochloride 5 MG / vitamin B12 0.01 MG Oral Tablet) / 24 (ascorbic acid 100 MG / biotin 0.3 MG / calcium pantothenate 0.3 MG / ferrous bisglycinate 65 MG / folic acid 1 MG / formic acid 155 MG / iron-dextran complex 65 MG / niacin 25 MG / pyridoxine hydrochloride 30 MG / riboflavin 5 MG / thiamine hydrochloride 5 MG / vitamin B12 0.01 MG Oral Tablet) } Pack",1102188,"ferrous bisglycinate"
1102202,"{6 (ascorbic acid 100 MG / biotin 0.3 MG / calcium carbonate 100 MG / calcium pantothenate 7 MG / folic acid 1 MG / niacin 25 MG / pyridoxine hydrochloride 30 MG / riboflavin 5 MG / succinic acid 150 MG / thiamine hydrochloride 5 MG / vitamin B12 0.01 MG Oral Tablet) / 24 (ascorbic acid 100 MG / biotin 0.3 MG / calcium pantothenate 0.3 MG / ferrous bisglycinate 65 MG / folic acid 1 MG / formic acid 155 MG / iron-dextran complex 65 MG / niacin 25 MG / pyridoxine hydrochloride 30 MG / riboflavin 5 MG / thiamine hydrochloride 5 MG / vitamin B12 0.01 MG Oral Tablet) } Pack",11248,"vitamin B12"
1102202,"{6 (ascorbic acid 100 MG / biotin 0.3 MG / calcium carbonate 100 MG / calcium pantothenate 7 MG / folic acid 1 MG / niacin 25 MG / pyridoxine hydrochloride 30 MG / riboflavin 5 MG / succinic acid 150 MG / thiamine hydrochloride 5 MG / vitamin B12 0.01 MG Oral Tablet) / 24 (ascorbic acid 100 MG / biotin 0.3 MG / calcium pantothenate 0.3 MG / ferrous bisglycinate 65 MG / folic acid 1 MG / formic acid 155 MG / iron-dextran complex 65 MG / niacin 25 MG / pyridoxine hydrochloride 30 MG / riboflavin 5 MG / thiamine hydrochloride 5 MG / vitamin B12 0.01 MG Oral Tablet) } Pack",7393,niacin
1102202,"{6 (ascorbic acid 100 MG / biotin 0.3 MG / calcium carbonate 100 MG / calcium pantothenate 7 MG / folic acid 1 MG / niacin 25 MG / pyridoxine hydrochloride 30 MG / riboflavin 5 MG / succinic acid 150 MG / thiamine hydrochloride 5 MG / vitamin B12 0.01 MG Oral Tablet) / 24 (ascorbic acid 100 MG / biotin 0.3 MG / calcium pantothenate 0.3 MG / ferrous bisglycinate 65 MG / folic acid 1 MG / formic acid 155 MG / iron-dextran complex 65 MG / niacin 25 MG / pyridoxine hydrochloride 30 MG / riboflavin 5 MG / thiamine hydrochloride 5 MG / vitamin B12 0.01 MG Oral Tablet) } Pack",9346,riboflavin
1102202,"{6 (ascorbic acid 100 MG / biotin 0.3 MG / calcium carbonate 100 MG / calcium pantothenate 7 MG / folic acid 1 MG / niacin 25 MG / pyridoxine hydrochloride 30 MG / riboflavin 5 MG / succinic acid 150 MG / thiamine hydrochloride 5 MG / vitamin B12 0.01 MG Oral Tablet) / 24 (ascorbic acid 100 MG / biotin 0.3 MG / calcium pantothenate 0.3 MG / ferrous bisglycinate 65 MG / folic acid 1 MG / formic acid 155 MG / iron-dextran complex 65 MG / niacin 25 MG / pyridoxine hydrochloride 30 MG / riboflavin 5 MG / thiamine hydrochloride 5 MG / vitamin B12 0.01 MG Oral Tablet) } Pack",4511,"folic acid"
1102202,"{6 (ascorbic acid 100 MG / biotin 0.3 MG / calcium carbonate 100 MG / calcium pantothenate 7 MG / folic acid 1 MG / niacin 25 MG / pyridoxine hydrochloride 30 MG / riboflavin 5 MG / succinic acid 150 MG / thiamine hydrochloride 5 MG / vitamin B12 0.01 MG Oral Tablet) / 24 (ascorbic acid 100 MG / biotin 0.3 MG / calcium pantothenate 0.3 MG / ferrous bisglycinate 65 MG / folic acid 1 MG / formic acid 155 MG / iron-dextran complex 65 MG / niacin 25 MG / pyridoxine hydrochloride 30 MG / riboflavin 5 MG / thiamine hydrochloride 5 MG / vitamin B12 0.01 MG Oral Tablet) } Pack",1588,biotin
1102202,"{6 (ascorbic acid 100 MG / biotin 0.3 MG / calcium carbonate 100 MG / calcium pantothenate 7 MG / folic acid 1 MG / niacin 25 MG / pyridoxine hydrochloride 30 MG / riboflavin 5 MG / succinic acid 150 MG / thiamine hydrochloride 5 MG / vitamin B12 0.01 MG Oral Tablet) / 24 (ascorbic acid 100 MG / biotin 0.3 MG / calcium pantothenate 0.3 MG / ferrous bisglycinate 65 MG / folic acid 1 MG / formic acid 155 MG / iron-dextran complex 65 MG / niacin 25 MG / pyridoxine hydrochloride 30 MG / riboflavin 5 MG / thiamine hydrochloride 5 MG / vitamin B12 0.01 MG Oral Tablet) } Pack",5992,"iron-dextran complex"
895067,"hamster skin extract 10000 UNT/ML Injectable Solution",895062,"hamster skin extract"
310291,"fenoprofen calcium 600 MG Oral Tablet",4331,fenoprofen
1425854,"dextroamphetamine sulfate 7.5 MG Oral Tablet",3288,dextroamphetamine
2168534,"tafamidis 61 MG Oral Capsule",1545063,tafamidis
2359334,"pemigatinib 13.5 MG Oral Tablet",2359268,pemigatinib
2590623,"dabigatran etexilate 20 MG Oral Pellet",1037042,"dabigatran etexilate"
1010924,"Khuskia oryzae allergenic extract 40000 UNT/ML Injectable Solution",892338,"Khuskia oryzae allergenic extract"
2359335,Pemazyre,2359268,pemigatinib
2636787,"ivacaftor 13.4 MG Oral Granules",1243041,ivacaftor
310964,"ibuprofen 200 MG Oral Capsule",5640,ibuprofen
312839,"rizatriptan benzoate 5 MG Disintegrating Oral Tablet",88014,rizatriptan
313227,"terconazole 0.8 % Vaginal Cream",37806,terconazole
1000990,"oxymetazoline HCl 0.05 % Nasal Spray",7812,oxymetazoline
1809430,"immunoglobulin G, human 5 % Injection",5666,"immunoglobulin G"
197454,"cephalexin 500 MG Oral Tablet",2231,cephalexin
393350,"etoricoxib 120 MG",307296,etoricoxib
905487,"smelt allergenic extract 50 MG/ML Injectable Solution",889669,"smelt allergenic extract"
198240,"tamoxifen 10 MG Oral Tablet",10324,tamoxifen
901393,"common carp allergenic extract 50 MG/ML Injectable Solution",901390,"common carp allergenic extract"
1011423,"watercress allergenic extract 100 MG/ML Injectable Solution",1011418,"watercress allergenic extract"
2054973,"stiripentol 250 MG Oral Capsule",2054968,stiripentol
240573,"pentostatin 10 MG Injection",8011,pentostatin
2644769,"afrezza 27 Inhalation Cartridge Sample Pack - 9 (4 UNT), 9 (8 UNT), 9 (12 UNT)",253182,"insulin, regular, human"
1012039,"Fusarium compactum allergenic extract 40000 UNT/ML Injectable Solution",999457,"Fusarium compactum allergenic extract"
197442,"carBAMazepine 200 MG Chewable Tablet",2002,carbamazepine
1011425,"barley malt allergenic extract 100 MG/ML Injectable Solution",1006510,"barley malt allergenic extract"
1608328,Cresemba,1608322,isavuconazonium
309004,"carbon dioxide 99 % Gas for Inhalation",2034,"carbon dioxide"
898346,"amlodipine (as amlodipine besylate) 10 MG / benazepril HCl 40 MG Oral Capsule",17767,amlodipine
1876810,"SIMLIYA 28 Day Pack",748794,"inert ingredients"
1876810,"SIMLIYA 28 Day Pack",22656,desogestrel
2599543,"PAXLOVID 150 MG ; 100 MG Dose Pack, Renal",2587892,nirmatrelvir
2599543,"PAXLOVID 150 MG ; 100 MG Dose Pack, Renal",85762,ritonavir
852535,"Iva annua var. annua pollen extract 0.05 GM/ML Injectable Solution",852532,"rough marshelder pollen extract"
992805,"chloroprocaine hydrochloride 20 MG/ML Injectable Solution",20859,chloroprocaine
2469933,Wilzin,58295,"zinc acetate"
403849,"estrogens, conjugated 0.45 MG Oral Tablet",4099,"estrogens, conjugated (USP)"
794639,"lubiprostone 0.008 MG Oral Capsule",623033,lubiprostone
904836,"pumpkin allergenic extract 100 MG/ML Injectable Solution",883459,"pumpkin allergenic extract"
966248,"levothyroxine sodium 0.112 MG Oral Tablet",10582,levothyroxine
1013984,"greasewood pollen extract 10000 UNT/ML Injectable Solution",852152,"greasewood pollen extract"
1053655,"fentaNYL 300 MCG Sublingual Tablet",4337,fentanyl
197892,"LiCO3 450 MG Extended Release Oral Tablet",42351,"lithium carbonate"
203088,"ketoconazole 2 % Topical Cream",6135,ketoconazole
2608534,"roflumilast 3 MG/ML Topical Cream",1091836,roflumilast
562724,"follitropin alfa 75 UNT Injection",386938,"follitropin alfa"
1303132,"prednisone 2 MG Delayed Release Oral Tablet",8640,prednisone
199387,"risperidone 1 MG per 1 ML Oral Solution",35636,risperidone
204426,"p-hydroxyamphetamine 10 MG/ML / tropicamide 2.5 MG/ML Ophthalmic Solution",7839,p-hydroxyamphetamine
309012,"BCNU 100 MG Injection",2105,carmustine
856703,"propranolol hydrochloride 50 MG per 5 ML Oral Syrup",8787,propranolol
1304497,"alpha-tocopherol acetate 11 UNT / vitamin C 120 MG / cholecalciferol 400 UNT / folate 1 MG / iron carbonyl 60 MG / niacinamide 20 MG / vitamin B6 hydrochloride 10 MG / riboflavin 3 MG / vit-B1 mononitrate 2 MG / vitamin B12 0.012 MG Oral Tablet",684879,pyridoxine
1304497,"alpha-tocopherol acetate 11 UNT / vitamin C 120 MG / cholecalciferol 400 UNT / folate 1 MG / iron carbonyl 60 MG / niacinamide 20 MG / vitamin B6 hydrochloride 10 MG / riboflavin 3 MG / vit-B1 mononitrate 2 MG / vitamin B12 0.012 MG Oral Tablet",11248,"vitamin B12"
1304497,"alpha-tocopherol acetate 11 UNT / vitamin C 120 MG / cholecalciferol 400 UNT / folate 1 MG / iron carbonyl 60 MG / niacinamide 20 MG / vitamin B6 hydrochloride 10 MG / riboflavin 3 MG / vit-B1 mononitrate 2 MG / vitamin B12 0.012 MG Oral Tablet",1151,"ascorbic acid"
1304497,"alpha-tocopherol acetate 11 UNT / vitamin C 120 MG / cholecalciferol 400 UNT / folate 1 MG / iron carbonyl 60 MG / niacinamide 20 MG / vitamin B6 hydrochloride 10 MG / riboflavin 3 MG / vit-B1 mononitrate 2 MG / vitamin B12 0.012 MG Oral Tablet",262150,"iron carbonyl"
1304497,"alpha-tocopherol acetate 11 UNT / vitamin C 120 MG / cholecalciferol 400 UNT / folate 1 MG / iron carbonyl 60 MG / niacinamide 20 MG / vitamin B6 hydrochloride 10 MG / riboflavin 3 MG / vit-B1 mononitrate 2 MG / vitamin B12 0.012 MG Oral Tablet",4511,"folic acid"
1304497,"alpha-tocopherol acetate 11 UNT / vitamin C 120 MG / cholecalciferol 400 UNT / folate 1 MG / iron carbonyl 60 MG / niacinamide 20 MG / vitamin B6 hydrochloride 10 MG / riboflavin 3 MG / vit-B1 mononitrate 2 MG / vitamin B12 0.012 MG Oral Tablet",9346,riboflavin
1304497,"alpha-tocopherol acetate 11 UNT / vitamin C 120 MG / cholecalciferol 400 UNT / folate 1 MG / iron carbonyl 60 MG / niacinamide 20 MG / vitamin B6 hydrochloride 10 MG / riboflavin 3 MG / vit-B1 mononitrate 2 MG / vitamin B12 0.012 MG Oral Tablet",2418,cholecalciferol
2586371,"vosoritide 0.56 MG Injection",2586354,vosoritide
2643062,"quizartinib 26.5 MG Oral Tablet",2643048,quizartinib
1009339,"bimatoprost 0.01 % Ophthalmic Solution",283810,bimatoprost
1045591,"Utah juniper pollen extract 40000 UNT/mL Injectable Solution",852597,"Utah juniper pollen extract"
1488574,"dapagliflozin 5 MG Oral Tablet",1488564,dapagliflozin
856797,"amitriptyline hydrochloride 25 MG / perphenazine 2 MG Oral Tablet",8076,perphenazine
856797,"amitriptyline hydrochloride 25 MG / perphenazine 2 MG Oral Tablet",704,amitriptyline
895295,"domestic cow skin extract 10000 UNT/mL Injectable Solution",852256,"domestic cow skin extract"
968143,"Stemphylium sarciniforme extract 100 MG/ML Injectable Solution",968130,"Stemphylium sarciniforme allergenic extract"
1010858,"orange extract 50 MG/ML Injectable Solution",892565,"orange allergenic extract"
1296473,"Tums Dual Action Chewable Product",4278,famotidine
197392,"baclofen 20 MG Oral Tablet",1292,baclofen
203608,Crixivan,114289,indinavir
205316,"topiramate 15 MG Oral Capsule",38404,topiramate
2591489,"abrocitinib 200 MG Oral Tablet",2591476,abrocitinib
966642,"fig allergenic extract 0.1 GM/ML Injectable Solution",973880,"fig allergenic extract"
1539953,"{28 (norethindrone 0.35 MG Oral Tablet) } Pack [Deblitane 28 Day]",7514,norethindrone
197553,"cyclosporine 25 MG Oral Capsule",3008,cyclosporine
900859,"eastern cottonwood pollen extract 40,000 UNT/ML Injectable Solution",852363,"eastern cottonwood pollen extract"
967004,"rabbit allergenic extract 50 MG/ML Injectable Solution",813859,"rabbit allergenic extract"
219407,"Primatene Dual Action",3966,ephedrine
416684,"zinc oxide 0.2 MG/MG Paste",11423,"zinc oxide"
854842,"lisdexamfetamine dimesylate 70 MG Oral Capsule",700810,lisdexamfetamine
855318,"warfarin sodium 3 MG Oral Tablet",11289,warfarin
1739332,"SUMAtriptan 11 MG Nasal Powder",37418,sumatriptan
313215,"terazosin (as terazosin HCl) 1 MG Oral Capsule",37798,terazosin
401965,"ramipril 1.25 MG Oral Tablet",35296,ramipril
993453,Prolia,993449,denosumab
406524,"doxycycline hyclate 75 MG Delayed Release Oral Tablet",3640,doxycycline
968149,"Stemphylium sarciniforme extract 20,000 UNT/ML Injectable Solution",968130,"Stemphylium sarciniforme allergenic extract"
2625900,"Sunlenca 5-Tablet Pack",2625651,lenacapavir
645371,"amiloride / bumetanide",644,amiloride
261962,"ramipril 10 MG Oral Capsule",35296,ramipril
312025,"nizatidine 150 MG Oral Capsule",42319,nizatidine
898687,"benazepril HCl 10 MG Oral Tablet",18867,benazepril
1665449,"cefuroxime 750 MG Injection",2194,cefuroxime
2262729,"ISOtretinoin micronized 8 MG Oral Capsule",6064,isotretinoin
895286,"rat skin extract 10000 UNT/ML Injectable Solution",895279,"rat skin extract"
240912,"granisetron 1 MG/ML Injectable Solution",26237,granisetron
259611,"calfactant 35 MG/ML Intratracheal Suspension",232539,calfactant
852351,"Lombardy poplar pollen extract 50 MG/ML Injectable Solution",852348,"Lombardy poplar pollen extract"
1244634,"betamethasone valerate 0.12 % Topical Foam",1514,betamethasone
1293508,"caffeine 100 MG / ergotamine tartrate 2 MG Rectal Suppository",1886,caffeine
1293508,"caffeine 100 MG / ergotamine tartrate 2 MG Rectal Suppository",4025,ergotamine
886634,"butorphanol tartrate 1 MG/ACTUAT Metered Dose Nasal Spray",1841,butorphanol
897372,"hackberry pollen extract 10000 UNT/ML Injectable Solution",852324,"hackberry pollen extract"
1242231,"lenalidomide 2.5 MG Oral Capsule",342369,lenalidomide
852082,"Taraxacum officinale pollen extract 50 MG/ML Injectable Solution",852079,"dandelion pollen extract"
2180330,"darolutamide 300 MG Oral Tablet",2180325,darolutamide
308973,"carBAMazepine 100 MG Chewable Tablet",2002,carbamazepine
1040014,"ceftaroline fosamil 600 MG Injection",1040005,ceftaroline
1040014,"ceftaroline fosamil 600 MG Injection",1040004,"ceftaroline fosamil"
1191222,"naloxone HCl 0.4 MG/ML Injectable Solution",7242,naloxone
2058147,"riluzole 25 MG per 5 mL Oral Suspension",35623,riluzole
889620,"Tilletia caries allergenic extract 100 MG/ML Injectable Solution",852797,"wheat smut allergenic extract"
155043,Elmiron,155046,"pentosan polysulfate"
287578,Varivax,1292422,"varicella-zoster virus vaccine live (Oka-Merck) strain"
315183,"K+ Chloride 8 MEQ Extended Release Oral Capsule",8591,"potassium chloride"
759743,"Desogest-Eth estra 0.15-0.02 MG (21) Oral Tablet / Eth estra 0.01 MG (5) Oral Tablet / Inert 1 MG (2) Oral Tablet 28 Day Pack",748794,"inert ingredients"
759743,"Desogest-Eth estra 0.15-0.02 MG (21) Oral Tablet / Eth estra 0.01 MG (5) Oral Tablet / Inert 1 MG (2) Oral Tablet 28 Day Pack",4124,"ethinyl estradiol"
750244,"{21 (ethinyl estradiol 0.03 MG / norgestrel 0.3 MG Oral Tablet) / 7 (inert ingredients 1 MG Oral Tablet) } Pack [Low-Ogestrel 28 Day]",748794,"inert ingredients"
750244,"{21 (ethinyl estradiol 0.03 MG / norgestrel 0.3 MG Oral Tablet) / 7 (inert ingredients 1 MG Oral Tablet) } Pack [Low-Ogestrel 28 Day]",4124,"ethinyl estradiol"
1184872,"Suprefact Injectable Product",1825,buserelin
1855385,"mebendazole 500 MG Chewable Tablet",6672,mebendazole
2121759,Sunosi,2121751,solriamfetol
1729516,"Blisovi 21 Fe 1.5/30 28 Day Pack",7514,norethindrone
1729516,"Blisovi 21 Fe 1.5/30 28 Day Pack",24941,"ferrous fumarate"
1729516,"Blisovi 21 Fe 1.5/30 28 Day Pack",4124,"ethinyl estradiol"
883481,"Sporisorium cruentum extract 0.02 GM/ML Injectable Solution",852128,"Johnson grass smut allergenic extract"
309371,"clotrimazole 10 MG Oral Lozenge",2623,clotrimazole
898690,"benazepril HCl 20 MG Oral Tablet",18867,benazepril
134920,Maxitrol,8536,"polymyxin B"
1664316,Synjardy,1545653,empagliflozin
1664316,Synjardy,6809,metformin
2167703,"chinquapin oak pollen extract 50 MG/mL Injectable Solution",2167695,"chinquapin oak pollen extract"
251201,"sertraline 200 MG Oral Capsule",36437,sertraline
749788,"varenicline 1 MG Oral Tablet 56 Count Pack",591622,varenicline
825413,"tapentadol 75 MG Oral Tablet",787390,tapentadol
1600724,"amlodipine 2.5 MG / perindopril arginine 3.5 MG Oral Tablet",17767,amlodipine
1600724,"amlodipine 2.5 MG / perindopril arginine 3.5 MG Oral Tablet",54552,perindopril
810083,"Carbidopa 31.25 MG / entacapone 200 MG / L-DOPA 125 MG Oral Tablet",6375,levodopa
810083,"Carbidopa 31.25 MG / entacapone 200 MG / L-DOPA 125 MG Oral Tablet",60307,entacapone
204520,"potassium chloride 2 MEQ/ML Injectable Solution",8591,"potassium chloride"
381056,"isosorbide dinitrate 10 MG Oral Tablet",6058,"isosorbide dinitrate"
891636,"filbert nut allergenic extract 0.05 GM/ML Injectable Solution",891633,"hazelnut allergenic extract"
897311,"cattle saltbush pollen extract 10,000 UNT/ML Injectable Solution",897304,"allscale pollen extract"
1011750,"aliskiren 300 MG / hydrochlorothiazide 12.5 MG Oral Tablet",325646,aliskiren
1092357,"rufinamide 40 MG in 1 mL Oral Suspension",69036,rufinamide
1665052,"ceFAZolin 500 MG Injection",2180,cefazolin
307719,"acetylcysteine 20 % Inhalation Solution",197,acetylcysteine
1094477,"Fusarium oxysporum vasinfectum allergenic extract 50 MG/ML Injectable Solution",867228,"Fusarium oxysporum vasinfectum allergenic extract"
995702,"Cochliobolus spicifer allergenic extract 0.1 GM/ML Injectable Solution",995699,"cochliobolus spicifer allergenic extract"
2670184,"fruquintinib 1 MG Oral Capsule",2670179,fruquintinib
477367,"solifenacin succinate 5 MG Oral Tablet",322167,solifenacin
757711,"vildagliptin 50 MG",596554,vildagliptin
857326,"clomiPRAMINE hydrochloride 75 MG Extended Release Oral Tablet",2597,clomipramine
142113,"mesna 400 MG Oral Tablet",44,mesna
2602364,"pemetrexed 25 MG/ML Injection",68446,pemetrexed
312593,"prazosin 1 MG Oral Capsule",8629,prazosin
884707,"estradiol 10 MCG Vaginal Insert",4083,estradiol
197379,"atenolol 100 MG Oral Tablet",1202,atenolol
249279,"cisatracurium (as cisatracurium besylate) 5 MG/ML Injectable Solution",319864,cisatracurium
753481,"Sprintec 28 Day Pack",31994,norgestimate
966219,"levothyroxine sodium 500 MCG Injection",10582,levothyroxine
1812015,"NIFEdipine 90 MG Osmotic 24HR Extended Release Oral Tablet",7417,nifedipine
1989500,"dolutegravir 50 MG / rilpivirine 25 MG Oral Tablet",1433868,dolutegravir
388078,"moxonidine 300 MCG Oral Tablet",30257,moxonidine
618376,"synthetic conjugated estrogens, B 0.625 MG Oral Tablet",618365,"synthetic conjugated estrogens, B"
1484289,"sucroferric oxyhydroxide 500 MG Chewable Tablet",1484283,"sucroferric oxyhydroxide"
197719,"flurandrenolide 0.5 MG/ML Topical Lotion",4500,flurandrenolide
749858,"{21 (ethinyl estradiol 0.035 MG / norethindrone 1 MG Oral Tablet) / 7 (inert ingredients 1 MG Oral Tablet) } Pack",7514,norethindrone
749858,"{21 (ethinyl estradiol 0.035 MG / norethindrone 1 MG Oral Tablet) / 7 (inert ingredients 1 MG Oral Tablet) } Pack",4124,"ethinyl estradiol"
749858,"{21 (ethinyl estradiol 0.035 MG / norethindrone 1 MG Oral Tablet) / 7 (inert ingredients 1 MG Oral Tablet) } Pack",748794,"inert ingredients"
1604345,"lenvatinib 10 MG Oral Capsule",1603296,lenvatinib
197955,"methyldopa 125 MG Oral Tablet",6876,methyldopa
200344,"hydroxyurea 400 MG Oral Capsule",5552,hydroxyurea
316627,"ramipril 10 MG",35296,ramipril
331727,"clobazam 10 MG",21241,clobazam
1000141,"medroxyPROGESTERone acetate 5 MG Oral Tablet",6691,medroxyprogesterone
198352,"zidovudine 100 MG Oral Capsule",11413,zidovudine
2279437,"Palforzia 20 MG (Level 4) Kit",891658,"peanut allergenic extract"
2626393,"Olpruva 5 GM Pack",81647,phenylbutyrate
197685,"etodolac 300 MG Oral Capsule",24605,etodolac
200329,"omeprazole 40 MG Delayed Release Oral Capsule",7646,omeprazole
900742,"slash pine pollen extract 40000 UNT/ML Injectable Solution",900731,"slash pine pollen extract"
283077,"prednisoLONE 15 MG (as prednisoLONE sodium phosphate 20.2 MG) per 5 ML Oral Solution",8638,prednisolone
308715,"clotrimazole 1 % / betamethasone dipropionate 0.05 % Topical Lotion",1514,betamethasone
308805,"brinzolamide 1 % Ophthalmic Suspension",194881,brinzolamide
967036,"Candida tropicalis allergenic extract 50 MG/ML Injectable Solution",967033,"Candida tropicalis allergenic extract"
2047241,"baricitinib 2 MG Oral Tablet",2047232,baricitinib
2049264,"Iclevia 91 Day Pack",6373,levonorgestrel
2049264,"Iclevia 91 Day Pack",748794,"inert ingredients"
2049264,"Iclevia 91 Day Pack",4124,"ethinyl estradiol"
1718983,"polyethylene glycol 3350 210000 MG / potassium chloride 740 MG / sodium bicarbonate 2860 MG / sodium chloride 5600 MG Powder for Oral Solution",221147,"polyethylene glycol 3350"
1718983,"polyethylene glycol 3350 210000 MG / potassium chloride 740 MG / sodium bicarbonate 2860 MG / sodium chloride 5600 MG Powder for Oral Solution",9863,"sodium chloride"
1718983,"polyethylene glycol 3350 210000 MG / potassium chloride 740 MG / sodium bicarbonate 2860 MG / sodium chloride 5600 MG Powder for Oral Solution",36676,"sodium bicarbonate"
1718983,"polyethylene glycol 3350 210000 MG / potassium chloride 740 MG / sodium bicarbonate 2860 MG / sodium chloride 5600 MG Powder for Oral Solution",8591,"potassium chloride"
1806200,"40/60 Release 24 HR methylphenidate hydrochloride 10 MG Extended Release Oral Capsule",6901,methylphenidate
197636,"droNABinol 5 MG Oral Capsule",10402,dronabinol
2279427,"Palforzia 3 MG (Level 1) Kit",891658,"peanut allergenic extract"
311679,"metroNIDAZOLE 0.0075 MG/MG Topical Gel",6922,metronidazole
359050,"tretinoin 0.04 % Topical Gel",10753,tretinoin
966404,"levothyroxine sodium 0.1 MG Oral Capsule",10582,levothyroxine
1190570,"atropine sulfate 0.01 MG/MG Ophthalmic Ointment",1223,atropine
1006503,"silk allergenic extract 50 MG/ML Injectable Solution",314455,"silk allergenic extract"
484322,"insulin analog, detemir 100 UNT/ML Injectable Solution",139825,"insulin detemir"
2594795,"{56 (mitapivat 50 MG Oral Tablet [Pyrukynd]) } Pack [Pyrukynd 50 MG 4-Week]",2594468,mitapivat
2632075,"Peruvian pepper tree pollen extract 100 MG/ML Injectable Solution",2632070,"Peruvian pepper tree pollen extract"
311988,"nitrofurantoin 100 MG Oral Tablet",7454,nitrofurantoin
1361574,"heparin sodium, porcine 20000 UNT/ML Injectable Solution",5224,heparin
2047646,"halobetasol propionate 0.5 MG/ML Topical Foam",41208,halobetasol
103954,"aspirin 75 MG Delayed Release Oral Tablet",1191,aspirin
208545,"thyroid (USP) 120 MG Oral Tablet",10572,"thyroid (USP)"
312055,"nystatin 100,000 UNT/mL Oral Suspension",7597,nystatin
857216,"sevelamer hydrochloride 400 MG Oral Tablet",214824,sevelamer
905081,"Sarocladium strictum allergenic extract 40,000 UNT/ML Injectable Solution",905070,"Acremonium strictum allergenic extract"
747193,"topotecan HCl 1 MG Oral Capsule",57308,topotecan
895478,"guinea pig skin extract 10000 UNT/ML Injectable Solution",852298,"guinea pig skin extract"
1363408,"Cometriq 140 MG Daily Dose Carton Pack, 4 Blister Cards, 28 Capsules Each",1363268,cabozantinib
312835,"rivastigmine 3 MG Oral Capsule",183379,rivastigmine
152336,"Salazopyrin EN",9524,sulfasalazine
1085736,"triamcinolone acetonide 0.147 MG/GM Topical Spray",10759,triamcinolone
1363281,"cabozantinib 80 MG Oral Capsule",1363268,cabozantinib
309096,"cefuroxime axetil 125 MG per 5 ML Oral Suspension",2194,cefuroxime
1918237,Zejula,1918231,niraparib
314152,"octreotide (as octreotide acetate) 200 MCG/ML Injectable Solution",7617,octreotide
859383,"guaiFENesin 40 MG/ML / HYDROcodone bitartrate 0.5 MG/ML Oral Solution",5032,guaifenesin
859383,"guaiFENesin 40 MG/ML / HYDROcodone bitartrate 0.5 MG/ML Oral Solution",5489,hydrocodone
1111265,"K+ bicarbonate 10 MEQ Effervescent Oral Tablet",34296,"potassium bicarbonate"
1483549,"drospirenone 0.25 MG / estradiol 0.5 MG Oral Tablet",4083,estradiol
1597881,Opdivo,1597876,nivolumab
1811180,"icosapent ethyl 0.5 GM Oral Capsule",1304974,"icosapent ethyl"
197701,"fluconazole 50 MG Oral Tablet",4450,fluconazole
2055281,"loteprednol etabonate 10 MG/ML Ophthalmic Suspension",52177,"loteprednol etabonate"
218118,Lustra,5509,hydroquinone
2637141,"fezolinetant 45 MG Oral Tablet",2637134,fezolinetant
2001756,"Volnea 28 Day Pack",748794,"inert ingredients"
2001756,"Volnea 28 Day Pack",4124,"ethinyl estradiol"
2540703,"naloxone hydrochloride 80 MG/ML Nasal Spray",7242,naloxone
1648755,"nitrofurantoin macrocrystals 25 MG / nitrofurantoin monohydrate 75 MG Oral Capsule",7454,nitrofurantoin
2677793,"phentolamine 0.75 % Ophthalmic Solution",8153,phentolamine
310386,"fluoxetine 20 MG per 5 ML Oral Solution",4493,fluoxetine
897690,"hydromorphone hydrochloride 16 MG Extended Release Oral Capsule",3423,hydromorphone
1010745,"EPINEPHrine 0.005 MG/ML / lidocaine hydrochloride 5 MG/ML Injectable Solution",3992,epinephrine
1010745,"EPINEPHrine 0.005 MG/ML / lidocaine hydrochloride 5 MG/ML Injectable Solution",6387,lidocaine
309078,"cefpodoxime proxetil 200 MG Oral Tablet",20489,cefpodoxime
309322,"clarithromycin 50 MG/ML Oral Suspension",21212,clarithromycin
834061,"penicillin V potassium 250 MG Oral Tablet",7984,"penicillin V"
835593,"imipramine HCl 10 MG Oral Tablet",5691,imipramine
852707,"date palm pollen extract 50 MG/ML Injectable Solution",852704,"date palm pollen extract"
1439821,"riociguat 0.5 MG Oral Tablet",1439816,riociguat
349408,"treprostinil 10 MG/ML Injectable Solution",343048,treprostinil
858813,"enalapril maleate 5 MG Oral Tablet",3827,enalapril
348719,"tobramycin 60 MG/ML Inhalation Solution",10627,tobramycin
686438,Invega,679314,paliperidone
104894,"ondansetron 4 MG Disintegrating Oral Tablet",26225,ondansetron
314035,"haloperidol 10 MG Oral Tablet",5093,haloperidol
749784,"Eth estra-Norgestim 0.035-0.18 MG (7) Oral Tablet / Eth estra-Norgestim 0.035-0.215 MG (7) Oral Tablet / Eth estra-Norgestim 0.035-0.25 MG (7) Oral Tablet / Inert 1 MG (7) Oral Tablet 28 Day Pack",748794,"inert ingredients"
749784,"Eth estra-Norgestim 0.035-0.18 MG (7) Oral Tablet / Eth estra-Norgestim 0.035-0.215 MG (7) Oral Tablet / Eth estra-Norgestim 0.035-0.25 MG (7) Oral Tablet / Inert 1 MG (7) Oral Tablet 28 Day Pack",31994,norgestimate
310346,"FIN5C 5 MG Oral Tablet",25025,finasteride
603103,"naproxen 375 MG Delayed Release Oral Tablet",7258,naproxen
856792,"amitriptyline hydrochloride 25 MG / chlordiazepoxide 10 MG Oral Tablet",704,amitriptyline
856792,"amitriptyline hydrochloride 25 MG / chlordiazepoxide 10 MG Oral Tablet",2356,chlordiazepoxide
199609,"flutamide 250 MG Oral Tablet",4508,flutamide
214617,"hydrochlorothiazide / irbesartan",83818,irbesartan
2627781,"metaxalone 640 MG Oral Tablet",59078,metaxalone
308429,"atovaquone 750 MG in 5 mL Oral Suspension",60212,atovaquone
754509,"{1 (aprepitant 125 MG Oral Capsule [Emend]) / 2 (aprepitant 80 MG Oral Capsule [Emend]) } Pack [Emend Tri-Fold Pack]",358255,aprepitant
855664,"diclofenac sodium 25 MG Delayed Release Oral Tablet",3355,diclofenac
308724,"bexarotene 1 % Topical Gel",233272,bexarotene
597990,"amlodipine 10 MG / atorvastatin 40 MG Oral Tablet",17767,amlodipine
597990,"amlodipine 10 MG / atorvastatin 40 MG Oral Tablet",83367,atorvastatin
1921592,"methotrexate 2.5 MG/ML (methotrexate sodium 2.74 MG/ML) Oral Solution",6851,methotrexate
1999308,"hydroxyurea 100 MG Oral Tablet",5552,hydroxyurea
317094,"entacapone 200 MG Oral Tablet",60307,entacapone
1011852,"lidocaine hydrochloride 2 % Topical Jelly",6387,lidocaine
198428,"lamoTRIgine 150 MG Oral Tablet",28439,lamotrigine
2279439,"Palforzia 80 MG (Level 6) Kit",891658,"peanut allergenic extract"
1870232,"EPINEPHrine (generic for Auvi-Q) 0.15 MG in 0.15 ML Auto-Injector",3992,epinephrine
199747,"fluconazole 50 MG Oral Capsule",4450,fluconazole
2599541,"{4 (brincidofovir 100 MG Oral Tablet [Tembexa]) } Pack [Tembexa 4 Tablet Pack]",2599518,brincidofovir
328870,"nortriptyline 25 MG",7531,nortriptyline
1373491,"dimethyl fumarate 240 MG Delayed Release Oral Capsule",1373478,"dimethyl fumarate"
2584196,"sofosbuvir 150 MG / velpatasvir 37.5 MG Oral Pellet",1484911,sofosbuvir
2584196,"sofosbuvir 150 MG / velpatasvir 37.5 MG Oral Pellet",1799206,velpatasvir
314286,"ziprasidone 20 MG Oral Capsule",115698,ziprasidone
1797910,"beclomethasone dipropionate 42 MCG/ACTUAT Metered Dose Nasal Spray",1347,beclomethasone
2002717,"nilotinib 50 MG Oral Capsule",662281,nilotinib
1044387,"bald cypress pollen extract 20000 UNT/ML Injectable Solution",995747,"bald cypress pollen extract"
2052064,"Incassia 28 Day",7514,norethindrone
240707,"desogestrel 0.15 MG / ethinyl estradiol 0.03 MG Oral Tablet",22656,desogestrel
636242,Dacogen,15657,decitabine
896758,"labetalol HCl 100 MG Oral Tablet",6185,labetalol
1094325,"domestic cow hair extract 50 MG/ML / domestic cow skin extract 50 MG/ML Injectable Solution",852256,"domestic cow skin extract"
1094325,"domestic cow hair extract 50 MG/ML / domestic cow skin extract 50 MG/ML Injectable Solution",895488,"domestic cow hair extract"
1291987,"{4 (amoxicillin 500 MG Oral Capsule) / 2 (clarithromycin 500 MG Oral Tablet) / 2 (omeprazole 20 MG Delayed Release Oral Capsule) } Pack [Omeclamox]",7646,omeprazole
1291987,"{4 (amoxicillin 500 MG Oral Capsule) / 2 (clarithromycin 500 MG Oral Tablet) / 2 (omeprazole 20 MG Delayed Release Oral Capsule) } Pack [Omeclamox]",723,amoxicillin
153682,Zanidip,135056,lercanidipine
196526,Betnovate,1514,betamethasone
2570405,"OLANZapine 20 MG / samidorphan 10 MG (as samidorphan L-malate 13.6 MG) Oral Tablet",2559612,samidorphan
2570405,"OLANZapine 20 MG / samidorphan 10 MG (as samidorphan L-malate 13.6 MG) Oral Tablet",61381,olanzapine
854830,"lisdexamfetamine dimesylate 20 MG Oral Capsule",700810,lisdexamfetamine
141850,"desoximetasone 0.05 % Topical Ointment",3255,desoximetasone
198006,"nadolol 20 MG Oral Tablet",7226,nadolol
2046141,Mvasi,253337,bevacizumab
2201538,"romiplostim 125 MCG Injection",805452,romiplostim
2395835,"fluticasone propionate 113 MCG/INHAL Dry Powder Inhaler with sensor, 60 Actuations",41126,fluticasone
850455,"darunavir 150 MG Oral Tablet",460132,darunavir
1422096,"atorvastatin 40 MG / ezetimibe 10 MG Oral Tablet",83367,atorvastatin
1422096,"atorvastatin 40 MG / ezetimibe 10 MG Oral Tablet",341248,ezetimibe
2586863,"sirolimus 100 MG Injection",35302,sirolimus
1311535,"TRI-LINYAH 28 Day Pack",748794,"inert ingredients"
1311535,"TRI-LINYAH 28 Day Pack",4124,"ethinyl estradiol"
897966,"poverty weed pollen extract 20000 UNT/ML Injectable Solution",852539,"poverty weed pollen extract"
999400,"Aspergillus niger var. niger extract 10000 UNT/ML Injectable Solution",854082,"Aspergillus niger var. niger extract"
1014440,"Cochliobolus sativus extract 25 MG/ML Injectable Solution",852398,"Cochliobolus sativus allergenic extract"
849393,"amantadine hydrochloride 100 MG [Symmetrel]",620,amantadine
977438,"everolimus 0.75 MG Oral Tablet",141704,everolimus
994535,"ASA 770 MG / caffeine 60 MG / orphenadrine citrate 50 MG Oral Tablet",1886,caffeine
1665467,"uridine triacetate 2000 MG Oral Granules",1665222,"uridine triacetate"
1927677,"delafloxacin 450 MG Oral Tablet",1927663,delafloxacin
1193037,"cholecalciferol 1000 UNT / folic acid 1 MG / omega-3 acid ethyl esters (USP) 500 MG / phytosterols 200 MG / pyridoxine hydrochloride 12.5 MG / vitamin B12 0.5 MG Oral Capsule",484348,"omega-3 acid ethyl esters (USP)"
1193037,"cholecalciferol 1000 UNT / folic acid 1 MG / omega-3 acid ethyl esters (USP) 500 MG / phytosterols 200 MG / pyridoxine hydrochloride 12.5 MG / vitamin B12 0.5 MG Oral Capsule",684879,pyridoxine
1193037,"cholecalciferol 1000 UNT / folic acid 1 MG / omega-3 acid ethyl esters (USP) 500 MG / phytosterols 200 MG / pyridoxine hydrochloride 12.5 MG / vitamin B12 0.5 MG Oral Capsule",11248,"vitamin B12"
1193037,"cholecalciferol 1000 UNT / folic acid 1 MG / omega-3 acid ethyl esters (USP) 500 MG / phytosterols 200 MG / pyridoxine hydrochloride 12.5 MG / vitamin B12 0.5 MG Oral Capsule",4511,"folic acid"
1193037,"cholecalciferol 1000 UNT / folic acid 1 MG / omega-3 acid ethyl esters (USP) 500 MG / phytosterols 200 MG / pyridoxine hydrochloride 12.5 MG / vitamin B12 0.5 MG Oral Capsule",2418,cholecalciferol
2274816,"{56 (tolvaptan 15 MG Oral Tablet [Jynarque]) } Pack [Jynarque 15/15 Carton]",358257,tolvaptan
1044500,"Canadian bluegrass pollen extract 100 MG/ML Injectable Solution",1014731,"Canadian bluegrass pollen extract"
905514,"egg white (chicken) allergenic extract 0.1 GM/ML Injectable Solution",892616,"egg white (chicken) allergenic extract"
1805007,"bendamustine HCl 25 MG Injection",134547,bendamustine
1800500,"Tri-Mili 28 Day Pack",748794,"inert ingredients"
1800500,"Tri-Mili 28 Day Pack",4124,"ethinyl estradiol"
2058900,"cannabidiol 100 MG/ML Oral Solution",2045371,cannabidiol
859747,"rosuvastatin calcium 10 MG Oral Tablet",301542,rosuvastatin
1492732,"apremilast 10 MG Oral Tablet",1492727,apremilast
1667668,"cariprazine 3 MG Oral Capsule",1667655,cariprazine
1044486,"southern bayberry pollen extract 20000 UNT/ML Injectable Solution",867260,"southern bayberry pollen extract"
313200,"tazarotene 0.1 % Topical Cream",83947,tazarotene
995624,"meclizine hydrochloride 12.5 MG Oral Tablet",6676,meclizine
197862,"leucovorin 25 MG (as leucovorin calcium 27.01 MG) Oral Tablet",6313,leucovorin
197973,"methylPREDNISolone 8 MG Oral Tablet",6902,methylprednisolone
900010,"Elymus repens pollen extract 10,000 UNT/ML Injectable Solution",852343,"quackgrass pollen extract"
312071,"octreotide (as octreotide acetate) 1000 MCG/ML Injectable Solution",7617,octreotide
900927,"Fremont cottonwood pollen extract 10000 UNT/ML Injectable Solution",852355,"Fremont cottonwood pollen extract"
1427301,"Pirmella 7/7/7 28 Day Pack",7514,norethindrone
1232665,"Sporisorium cruentum 0.05 GM/ML / Ustilago cynodontis 0.05 GM/ML Injectable Solution",852128,"Johnson grass smut allergenic extract"
1232665,"Sporisorium cruentum 0.05 GM/ML / Ustilago cynodontis 0.05 GM/ML Injectable Solution",1014385,"Bermuda grass smut allergenic extract"
202869,MetroGel,6922,metronidazole
313324,"vitamin B 1 100 MG/ML Injectable Solution",10454,thiamine
616578,"lubiprostone 24 MCG Oral Capsule",623033,lubiprostone
751905,"{7 (ethinyl estradiol 0.035 MG / norgestimate 0.18 MG Oral Tablet) / 7 (ethinyl estradiol 0.035 MG / norgestimate 0.215 MG Oral Tablet) / 7 (ethinyl estradiol 0.035 MG / norgestimate 0.25 MG Oral Tablet) / 7 (inert ingredients 1 MG Oral Tablet) } Pack [Trinessa 28 Day]",31994,norgestimate
1947197,"lidocaine hydrochloride 41.2 MG/ML Topical Cream",6387,lidocaine
2288425,"lemborexant 10 MG Oral Tablet",2272403,lemborexant
597980,"amlodipine (as amlodipine besylate) 5 MG / atorvastatin (as atorvastatin calcium) 20 MG Oral Tablet",83367,atorvastatin
597980,"amlodipine (as amlodipine besylate) 5 MG / atorvastatin (as atorvastatin calcium) 20 MG Oral Tablet",17767,amlodipine
855194,"tolterodine tartrate 2 MG Oral Tablet",119565,tolterodine
833461,"betamethasone 0.5 MG/ML / calcipotriene 0.05 MG/ML Topical Lotion",29365,calcipotriene
833461,"betamethasone 0.5 MG/ML / calcipotriene 0.05 MG/ML Topical Lotion",1514,betamethasone
901473,"Rumex acetosella pollen extract 10,000 UNT/ML Injectable Solution",852213,"sheep sorrel pollen extract"
968470,"Verticillium albo-atrum extract 50 MG/ML Injectable Solution",968467,"Verticillium albo-atrum allergenic extract"
748987,"Ortho MICRONOR 28 Day Pack",7514,norethindrone
897998,"Bassia scoparia pollen extract 40,000 UNT/ML Injectable Solution",852593,"burning bush pollen extract"
966645,"eggplant allergenic extract 100 MG/ML Injectable Solution",972601,"eggplant allergenic extract"
968133,"Stemphylium sarciniforme extract 0.05 GM/ML Injectable Solution",968130,"Stemphylium sarciniforme allergenic extract"
1232601,"live oak pollen extract 40000 UNT/ML Injectable Solution",867311,"live oak pollen extract"
900773,"loblolly pine pollen extract 50 MG/ML Injectable Solution",900770,"loblolly pine pollen extract"
197818,"indomethacin 50 MG Oral Capsule",5781,indomethacin
332435,"pioglitazone 15 MG",33738,pioglitazone
543546,"nystatin 100,000 UNT/GM Topical Cream",7597,nystatin
1653484,"BCG, live, Tice strain 50 MG/ML Topical Suspension",221050,"BCG, live, Tice strain"
197407,"betamethasone 1 MG/ML (as betamethasone valerate 1.2 MG/ML) Topical Cream",1514,betamethasone
310490,"glipiZIDE 5 MG Oral Tablet",4821,glipizide
349472,"gefitinib 250 MG Oral Tablet",328134,gefitinib
419849,"cefixime 40 MG/ML Oral Suspension",25033,cefixime
847621,"calcium chloride 33 MG / potassium chloride 30 MG / sodium chloride 860 MG per 100 ML Ringer's Irrigation Solution",8591,"potassium chloride"
847621,"calcium chloride 33 MG / potassium chloride 30 MG / sodium chloride 860 MG per 100 ML Ringer's Irrigation Solution",1901,"calcium chloride"
897984,"Juniperus virginiana pollen extract 0.1 GM/ML Injectable Solution",852609,"red cedar pollen extract"
1012049,"Aureobasidium pullulans var. pullutans allergenic extract 40,000 UNT/mL Injectable Solution",852102,"Aureobasidium pullulans var. pullutans allergenic extract"
1091392,"methylphenidate hydrochloride 20 MG Oral Tablet",6901,methylphenidate
1547561,"ISOtretinoin 25 MG Oral Capsule",6064,isotretinoin
2122657,"Mavenclad 5 Tablet Pack",44157,cladribine
227109,Comtess,60307,entacapone
852712,"Pinus echinata pollen extract 50 MG/ML Injectable Solution",852709,"shortleaf pine pollen extract"
894958,"chicken feather extract 20000 UNT/ML Injectable Solution",894934,"chicken feather extract"
904573,"karaya gum allergenic extract 10 MG/ML Injectable Solution",904554,"karaya gum allergenic extract"
905489,"smelt allergenic extract 100 MG/ML Injectable Solution",889669,"smelt allergenic extract"
1012722,"mepivacaine HCl 1 % Injectable Solution",6759,mepivacaine
1722371,Cotellic,1722365,cobimetinib
245593,"sodium fluoride 2.09 % (fluoride ion 1.23 % ) Dental Gel",9873,"sodium fluoride"
1098416,"vandetanib 100 MG Oral Tablet",1098413,vandetanib
314234,"sucralfate 1 GM Oral Tablet",10156,sucralfate
851917,"Alnus rubra pollen extract 0.05 GM/ML Injectable Solution",851914,"red alder pollen extract"
2672923,"Eth estra-Levonorgest 0.02-0.1 MG (21) Oral Tablet / ferrous bisglycinate 36.5 MG (7) Oral Tablet 28 Day Pack",6373,levonorgestrel
2672923,"Eth estra-Levonorgest 0.02-0.1 MG (21) Oral Tablet / ferrous bisglycinate 36.5 MG (7) Oral Tablet 28 Day Pack",4124,"ethinyl estradiol"
309077,"cefpodoxime (as cefpodoxime proxetil) 100 MG per 5 ML Oral Suspension",20489,cefpodoxime
403808,"pegvisomant 20 MG Injection",278739,pegvisomant
899563,"cherry birch pollen extract 40000 UNT/ML Injectable Solution",852144,"cherry birch pollen extract"
2548733,"selinexor 60 MG Weekly Dose Carton Pack, 4 Blister Cards, 1 Tablet Each",2178390,selinexor
891505,"arabica coffee bean extract 50 MG/ML Injectable Solution",891502,"arabica coffee bean allergenic extract"
1242964,Bydureon,60548,exenatide
901389,"pear allergenic extract 100 MG/ML Injectable Solution",899883,"pear allergenic extract"
1729308,"aprepitant 125 MG Powder for Oral Suspension",358255,aprepitant
1796380,Afstyla,4257,"factor VIII"
244613,"aluminum chloride 25 % Topical Solution",46241,"aluminum chloride"
2670166,"crizotinib 150 MG Oral Pellet",1148495,crizotinib
311376,"LORazepam 2 MG/ML Oral Solution",6470,lorazepam
616289,"sunitinib 50 MG Oral Capsule",357977,sunitinib
900714,"Pinus contorta pollen extract 50 MG/ML Injectable Solution",898324,"lodgepole pine pollen extract"
1101338,"gabapentin enacarbil 600 MG Extended Release Oral Tablet",25480,gabapentin
238212,"glycopyrrolate 0.2 MG/ML Injectable Solution",1546438,glycopyrronium
2668158,"glycopyrrolate 0.85 MG Disintegrating Oral Tablet",1546438,glycopyrronium
347856,"oxygen 21 % Gas for Inhalation",7806,oxygen
966679,"sardine allergenic extract 50 MG/ML Injectable Solution",974129,"sardine allergenic extract"
889556,"American elm pollen extract 40000 UNT/ML Injectable Solution",852054,"American elm pollen extract"
1006476,"Mangifera indica pollen extract 20,000 UNT/ML Injectable Solution",1006371,"mango blossom pollen extract"
1100076,Zytiga,1100072,abiraterone
706868,"azithromycin 1 % Ophthalmic Solution",18631,azithromycin
1545658,"empagliflozin 10 MG Oral Tablet",1545653,empagliflozin
1992868,"netarsudil 0.2 MG/ML (as netarsudil dimesylate 0.28 MG/ML) Ophthalmic Solution",1992864,netarsudil
2204100,"ledipasvir 33.75 MG / sofosbuvir 150 MG per packet Oral Pellets",1484911,sofosbuvir
2679605,"baclofen 15 MG Oral Tablet",1292,baclofen
896257,"dark leaved mugwort pollen extract 40,000 UNT/mL Injectable Solution",896246,"dark leaved mugwort pollen extract"
1232608,"pale dock pollen extract 50 MG/ML Injectable Solution",1232604,"pale dock pollen extract"
198296,"tolmetin 400 MG (as tolmetin sodium dihydrate 492 MG) Oral Capsule",10636,tolmetin
202953,Rifadin,9384,rifampin
351137,"albuterol 0.21 MG/ML Inhalation Solution",435,albuterol
309318,"Citric Acid 66.8 MG/ML / K+ citrate 220 MG/ML Oral Solution",54993,"potassium citrate"
1731345,"deferoxamine mesylate 2 GM Injection",3131,deferoxamine
2044930,"fostamatinib 150 MG Oral Tablet",2044896,fostamatinib
856706,"perphenazine 2 MG / amitriptyline HCl 10 MG Oral Tablet",704,amitriptyline
2055109,"tecovirimat 200 MG Oral Capsule",2055104,tecovirimat
247495,"buserelin 1 MG/ML Injectable Solution",1825,buserelin
2595248,"pacritinib 100 MG (as pacritinib citrate 141 MG) Oral Capsule",2595243,pacritinib
852255,"Capra hircus skin extract 50 MG/ML Injectable Solution",852252,"domestic goat skin extract"
309290,"ciclopirox 0.77 % Topical Lotion",21090,ciclopirox
311881,"mycophenolate mofetil 500 MG Injection",68149,"mycophenolate mofetil"
1799416,"topotecan 4 MG Injection",57308,topotecan
317127,"minocycline (as minocycline hydrochloride) 100 MG Injection",6980,minocycline
310004,"dofetilide 0.25 MG Oral Capsule",49247,dofetilide
1804804,"alteplase 50 MG Injection",8410,alteplase
1940649,Nerlynx,1940643,neratinib
1193026,"eastern sycamore pollen extract 40000 UNT/ML Injectable Solution",852746,"eastern sycamore pollen extract"
903891,"fluvoxaMINE maleate 50 MG Oral Tablet",42355,fluvoxamine
1044250,"canary grass pollen extract 100 MG/ML Injectable Solution",852697,"canary grass pollen extract"
1811631,"aspirin 81 MG / omeprazole 40 MG Delayed Release Oral Tablet",7646,omeprazole
225618,Serc-8,1511,betahistine
309683,"dexAMETHasone 1 MG/ML / tobramycin 3 MG/ML Ophthalmic Suspension",3264,dexamethasone
